Bundesland,Kreis,03-22-2020,03-23-2020,03-24-2020,03-25-2020,03-26-2020,03-27-2020,03-28-2020,03-29-2020,03-30-2020,03-31-2020,04-01-2020,04-02-2020,04-03-2020,04-04-2020,04-05-2020,04-06-2020,04-07-2020,04-08-2020,04-09-2020,04-10-2020,04-11-2020,04-12-2020,04-13-2020,04-14-2020,04-15-2020,04-16-2020,04-17-2020,04-18-2020,04-19-2020,04-20-2020,04-21-2020,04-22-2020,04-23-2020,04-24-2020,04-25-2020,04-26-2020,04-27-2020,04-28-2020,04-29-2020,04-30-2020,05-01-2020,05-02-2020,05-03-2020,05-04-2020,05-05-2020,05-06-2020,05-07-2020,05-08-2020,05-09-2020,05-10-2020
Schleswig-Holstein,SK Flensburg,13,13,13,14,14,18,19,21,22,22,25,25,25,27,28,28,29,30,31,32,33,33,33,33,33,33,33,33,33,33,1,33,33,33,33,33,33,33,33,33,33,33,33,33,33,34,34,33,33,33
Schleswig-Holstein,SK Kiel,39,41,52,63,63,75,75,99,112,112,124,136,146,157,160,164,168,171,176,187,192,195,195,198,198,207,216,218,221,221,235,240,243,244,248,251,252,255,260,263,263,264,265,265,270,270,273,274,275,275
Schleswig-Holstein,SK Lübeck,21,21,36,44,62,68,70,71,79,88,94,96,99,101,101,101,103,119,119,129,128,133,137,147,150,151,152,154,154,154,154,155,155,155,154,154,156,160,161,161,165,165,165,165,166,167,165,165,165,165
Schleswig-Holstein,SK Neumünster,7,7,10,12,13,13,15,15,15,19,25,25,29,30,30,32,34,34,34,41,42,42,42,42,42,42,46,49,50,50,50,60,60,62,62,62,62,63,65,66,66,66,67,67,67,69,69,69,74,74
Schleswig-Holstein,LK Dithmarschen,12,12,15,16,17,20,23,23,23,26,27,29,31,37,37,40,40,42,48,51,51,52,53,53,54,54,54,54,54,54,54,54,54,54,54,54,54,54,54,54,54,54,54,54,55,59,59,59,59,59
Schleswig-Holstein,LK Herzogtum Lauenburg,21,21,42,49,53,69,78,78,78,90,110,113,133,145,153,153,160,170,176,183,183,198,198,204,205,212,222,225,235,235,236,237,249,253,254,255,255,259,260,261,262,262,262,262,262,262,263,264,264,264
Schleswig-Holstein,LK Nordfriesland,17,18,20,23,23,29,35,39,40,40,41,42,46,46,47,47,51,50,55,59,59,63,63,66,66,68,68,69,69,69,69,70,72,75,76,78,77,78,78,78,79,81,81,81,81,82,82,82,82,82
Schleswig-Holstein,LK Ostholstein,12,12,15,18,22,23,23,23,23,32,40,44,47,51,51,52,52,52,54,55,55,55,58,58,58,58,59,59,59,59,59,59,59,60,63,64,64,64,65,66,67,67,67,67,67,67,67,66,66,66
Schleswig-Holstein,LK Pinneberg,77,78,80,89,125,151,170,186,192,198,227,245,268,297,329,333,338,372,418,439,449,457,463,465,463,477,481,491,492,492,493,501,503,503,522,529,530,530,537,540,547,554,560,561,563,563,567,572,572,587
Schleswig-Holstein,LK Plön,12,19,23,31,38,45,50,54,54,56,58,64,68,72,73,75,80,83,89,93,94,99,101,101,101,101,104,104,104,104,104,105,110,112,115,115,115,116,117,118,119,119,119,119,119,119,119,119,119,120
Schleswig-Holstein,LK Rendsburg-Eckernförde,33,37,46,56,73,89,99,111,111,130,128,132,147,158,167,166,173,178,187,193,196,199,197,197,197,201,208,212,214,216,219,220,222,224,228,229,230,230,232,233,235,235,235,235,235,236,239,242,244,244
Schleswig-Holstein,LK Schleswig-Flensburg,25,28,29,35,37,46,56,65,66,68,76,82,90,93,95,95,95,101,102,107,108,110,111,111,111,112,114,115,116,117,117,122,122,122,122,123,124,124,126,126,126,126,126,126,126,125,126,127,127,127
Schleswig-Holstein,LK Segeberg,29,30,30,41,41,47,61,71,78,77,91,109,119,134,142,144,152,165,172,180,183,186,187,193,197,200,201,203,203,207,208,208,207,207,212,213,214,214,217,219,222,224,225,226,228,234,239,253,253,273
Schleswig-Holstein,LK Steinburg,12,12,19,20,22,27,36,36,36,36,43,51,53,53,53,53,61,66,70,72,74,74,74,74,73,75,76,77,77,79,79,79,83,83,82,82,82,82,82,82,84,84,84,132,132,132,136,136,166,166
Schleswig-Holstein,LK Stormarn,17,34,48,66,72,92,105,113,120,126,137,142,142,158,165,188,194,194,201,208,218,222,222,222,297,303,315,324,336,336,336,353,358,370,387,388,390,391,392,390,392,394,395,395,395,396,396,399,399,403
Hamburg,SK Hamburg,872,943,1043,1262,1265,1693,1765,1846,2053,2191,2311,2406,2596,2697,2945,2993,3059,3165,3320,3551,3663,3742,3770,3808,3869,3953,4005,4118,4167,4185,4204,4204,4286,4358,4400,4429,4475,4505,4525,4562,4604,4609,4631,4636,4644,4664,4704,4753,4772,4772
Niedersachsen,SK Braunschweig,25,29,54,56,72,79,93,108,137,143,147,168,187,216,216,222,228,232,241,245,267,270,269,271,273,277,282,285,287,289,289,290,290,292,292,297,298,299,299,300,303,304,305,306,306,306,307,307,311,312
Niedersachsen,SK Salzgitter,16,22,24,26,30,33,42,44,44,49,52,57,60,66,66,69,71,71,84,89,93,96,96,96,98,100,105,108,111,113,115,116,118,118,125,125,125,125,125,129,129,129,130,130,130,130,131,131,131,131
Niedersachsen,SK Wolfsburg,15,18,28,30,30,49,49,85,142,163,163,182,190,216,216,221,222,225,228,241,241,248,248,249,249,253,257,257,261,271,272,272,279,279,280,281,282,282,283,283,283,284,284,285,285,287,287,285,285,287
Niedersachsen,LK Gifhorn,27,33,34,37,38,43,48,51,60,60,75,75,85,85,90,93,94,97,101,103,104,104,104,107,107,110,114,119,121,121,121,122,122,122,122,122,122,122,123,123,124,124,124,124,124,124,124,124,124,124
Niedersachsen,LK Goslar,18,21,22,24,30,36,45,51,51,58,58,59,60,70,74,82,87,89,92,104,112,112,112,112,119,127,133,140,140,140,140,168,168,176,181,181,181,181,181,205,208,210,210,210,220,220,226,232,234,234
Niedersachsen,LK Helmstedt,16,16,18,24,27,39,45,45,53,56,63,70,73,76,78,79,81,81,82,82,82,82,82,82,82,82,91,91,98,98,122,122,124,124,139,139,142,143,143,147,147,147,147,147,147,147,152,136,136,137
Niedersachsen,LK Northeim,12,13,18,21,22,25,28,28,28,34,35,36,36,43,43,47,53,53,56,56,56,59,71,71,74,77,82,86,92,92,96,98,100,105,105,107,107,107,107,108,108,109,109,109,109,109,109,109,110,110
Niedersachsen,LK Peine,16,20,21,23,25,25,40,47,59,61,61,89,94,100,106,110,110,109,116,116,124,125,126,126,126,127,130,130,132,132,131,131,134,135,135,136,136,136,137,138,139,139,139,139,139,139,141,141,141,141
Niedersachsen,LK Wolfenbüttel,3,3,7,16,20,21,27,32,32,35,36,42,53,60,60,62,76,80,85,92,92,107,108,108,112,113,125,139,139,142,152,155,159,159,164,164,164,170,170,173,174,174,174,176,176,176,176,176,176,177
Niedersachsen,LK Göttingen,51,56,63,74,74,104,107,121,121,158,165,181,215,223,239,239,277,294,311,333,353,380,385,438,453,454,506,506,506,506,579,611,637,674,696,703,710,725,732,743,754,760,765,765,765,765,767,769,769,769
Niedersachsen,Region Hannover,233,288,316,411,411,575,606,668,715,764,837,867,930,1044,1044,1084,1114,1115,1216,1299,1362,1405,1426,1445,1457,1501,1508,1553,1628,1659,1685,1685,1707,1736,1774,1809,1828,1853,1853,1853,1879,1931,1946,1960,1971,1975,2013,2089,2123,2123
Niedersachsen,LK Diepholz,61,61,77,97,98,99,112,112,112,112,141,154,161,194,194,202,203,215,223,234,247,247,247,253,255,262,272,279,283,287,292,294,298,300,310,311,314,317,319,319,321,326,326,328,332,338,338,341,343,343
Niedersachsen,LK Hameln-Pyrmont,23,26,26,27,30,32,36,44,48,48,57,71,78,81,81,88,88,89,90,93,93,94,94,94,97,97,99,102,103,104,107,110,112,114,115,115,115,115,117,119,119,119,119,119,120,120,120,120,120,120
Niedersachsen,LK Hildesheim,35,69,92,99,110,116,125,131,136,140,146,155,165,174,176,182,182,191,198,199,204,212,212,215,218,223,238,246,249,256,256,263,272,277,278,279,279,279,283,285,286,293,295,297,297,302,310,323,330,337
Niedersachsen,LK Holzminden,21,26,30,30,34,36,39,44,47,47,56,62,70,76,76,79,79,79,85,91,92,92,95,95,95,95,99,99,99,100,100,103,103,103,103,103,103,103,104,105,104,104,104,104,104,104,103,104,104,104
Niedersachsen,LK Nienburg (Weser),14,15,17,18,21,24,24,24,25,28,34,35,39,41,41,49,51,52,53,56,59,59,59,59,59,61,61,62,62,62,62,63,63,63,63,63,63,63,63,68,68,69,69,69,69,69,70,70,70,70
Niedersachsen,LK Schaumburg,25,27,27,30,35,35,46,51,51,51,52,54,59,71,71,80,80,82,91,106,112,120,120,123,122,125,133,134,137,140,137,137,137,138,140,141,141,144,144,146,146,146,146,146,146,146,151,152,153,154
Niedersachsen,LK Celle,28,29,29,43,50,52,61,69,71,81,87,93,95,100,100,104,105,109,114,118,118,124,124,129,134,135,143,144,144,146,145,144,148,149,153,156,156,159,163,171,174,177,177,177,177,177,180,182,183,183
Niedersachsen,LK Cuxhaven,23,23,34,39,39,46,49,49,49,54,55,56,59,61,61,61,64,65,71,72,74,74,75,75,77,78,78,78,78,78,81,82,84,87,91,95,95,97,100,104,105,106,106,106,117,120,133,140,156,156
Niedersachsen,LK Harburg,67,72,72,90,90,120,139,139,154,155,159,159,217,231,266,266,275,295,307,322,340,340,362,366,370,382,388,412,412,426,426,435,443,463,466,469,482,482,484,486,493,497,500,501,501,503,504,512,517,520
Niedersachsen,LK Lüchow-Dannenberg,5,5,5,6,7,7,8,8,8,8,8,8,10,11,11,12,13,14,14,14,14,14,14,14,14,15,15,15,15,15,15,15,16,17,17,17,17,17,17,18,18,18,18,18,18,18,18,18,18,18
Niedersachsen,LK Lüneburg,49,57,58,62,67,71,75,81,81,81,95,105,109,115,118,119,124,124,128,134,136,136,138,138,144,144,154,157,157,157,160,161,164,164,164,164,164,164,164,164,164,164,164,164,166,166,166,166,166,168
Niedersachsen,LK Osterholz,23,23,23,25,31,35,38,39,39,48,49,49,49,57,57,57,60,60,63,64,64,65,68,68,71,72,72,73,73,73,73,73,76,77,78,78,79,79,80,81,81,81,81,81,81,82,82,82,84,84
Niedersachsen,LK Rotenburg (Wümme),24,26,28,30,32,38,43,44,48,50,51,55,57,59,60,65,66,68,71,72,72,74,75,79,80,83,88,90,90,90,90,91,92,92,92,92,94,94,94,96,96,97,97,99,99,99,99,101,102,102
Niedersachsen,LK Heidekreis,4,4,7,10,10,15,21,21,21,25,28,28,33,38,38,38,44,44,49,52,52,52,52,52,56,57,59,61,61,61,62,63,64,65,66,66,66,66,67,69,69,69,69,69,70,70,71,71,71,71
Niedersachsen,LK Stade,44,44,67,74,85,85,104,105,105,116,118,123,129,133,138,152,153,157,163,163,166,169,169,169,177,177,178,178,178,180,177,178,182,183,184,185,185,187,187,189,189,189,191,191,191,192,192,192,192,193
Niedersachsen,LK Uelzen,7,7,11,11,11,14,14,17,17,20,24,25,26,27,28,29,29,29,29,33,33,33,33,34,34,34,34,39,39,39,39,39,39,40,40,41,41,41,41,41,41,41,41,41,41,41,41,41,41,41
Niedersachsen,LK Verden,25,26,26,36,37,42,47,49,56,56,72,79,81,95,95,95,100,105,106,106,106,106,106,106,107,107,112,112,112,112,113,113,114,114,115,115,115,115,117,118,119,119,120,123,124,126,128,129,130,130
Niedersachsen,SK Delmenhorst,6,10,10,10,14,16,16,17,17,20,20,23,23,23,23,26,26,26,26,27,28,28,28,28,30,30,31,32,32,33,36,36,40,40,41,41,41,45,45,45,45,45,46,46,46,46,46,48,50,50
Niedersachsen,SK Emden,7,7,7,7,7,7,7,7,7,7,8,8,8,9,10,10,12,12,14,14,14,14,14,14,14,15,15,15,15,15,15,15,15,16,16,16,16,16,16,16,17,17,17,17,17,17,18,18,18,18
Niedersachsen,SK Oldenburg,28,28,39,52,52,57,70,70,80,80,88,88,94,110,110,127,129,132,132,139,139,142,144,148,148,149,150,151,151,151,151,151,153,155,156,156,156,156,158,160,160,160,160,160,160,160,160,161,161,161
Niedersachsen,SK Osnabrück,75,75,103,135,149,168,173,182,202,224,229,242,248,256,267,284,296,310,345,355,355,368,377,379,383,390,398,405,409,409,414,421,427,429,432,435,436,436,436,437,437,438,438,438,441,450,452,457,466,466
Niedersachsen,SK Wilhelmshaven,5,5,5,6,6,6,6,6,6,6,7,7,7,8,9,10,10,10,10,10,11,11,13,13,15,16,17,17,17,17,17,17,17,17,17,18,18,18,18,19,21,21,22,22,22,22,22,22,23,23
Niedersachsen,LK Ammerland,20,23,27,32,36,46,55,64,78,78,80,87,91,97,106,107,108,113,119,125,129,129,129,135,137,138,145,150,151,151,155,155,158,158,160,160,160,160,161,161,161,161,161,161,161,162,163,163,163,163
Niedersachsen,LK Aurich,23,23,26,28,28,32,38,38,40,44,52,52,61,66,66,66,67,66,67,69,70,70,70,70,70,70,72,72,72,72,72,76,81,83,83,83,83,84,86,87,89,89,90,91,91,91,91,94,95,95
Niedersachsen,LK Cloppenburg,4,8,10,12,14,15,19,27,27,27,35,35,35,43,43,48,50,50,51,53,69,76,76,83,83,84,85,88,88,88,88,88,91,91,91,95,99,99,98,98,98,99,99,99,100,101,101,101,105,105
Niedersachsen,LK Emsland,57,60,64,74,85,99,110,129,133,135,141,152,161,170,178,189,191,204,233,244,254,285,289,300,308,321,329,349,362,364,364,369,369,374,381,381,382,383,383,383,388,393,395,406,406,408,408,408,419,421
Niedersachsen,LK Friesland,3,5,6,6,8,8,9,10,10,10,12,15,18,18,18,18,21,21,23,23,23,23,24,26,27,27,27,27,29,29,29,30,30,30,30,30,30,30,31,31,31,33,33,33,33,33,33,34,34,34
Niedersachsen,LK Grafschaft Bentheim,29,29,29,35,45,52,59,78,80,83,88,98,106,119,127,129,134,147,152,152,163,170,172,174,182,184,192,195,197,205,205,206,209,212,213,215,216,216,216,219,222,223,224,224,226,227,229,229,230,231
Niedersachsen,LK Leer,11,12,13,13,13,19,23,23,23,23,41,44,48,52,53,53,58,61,62,65,65,66,68,69,71,74,79,79,79,85,85,88,89,89,90,90,92,92,93,95,95,97,97,97,97,98,99,99,100,100
Niedersachsen,LK Oldenburg,14,15,15,26,33,43,47,59,61,104,107,114,135,146,146,146,156,165,165,165,165,165,165,178,179,181,184,185,190,190,191,193,194,196,198,205,205,206,210,210,211,211,211,211,211,211,213,214,215,215
Niedersachsen,LK Osnabrück,64,64,102,157,182,218,241,254,278,317,320,344,368,417,439,471,519,539,619,655,655,719,744,751,763,789,804,825,834,834,865,882,896,909,915,925,928,938,942,942,942,949,949,949,953,985,994,999,1008,1009
Niedersachsen,LK Vechta,41,47,59,62,92,95,123,128,128,150,175,192,198,212,212,227,231,242,252,262,267,268,270,270,276,280,286,291,291,293,299,300,302,304,305,306,306,307,307,308,308,308,309,310,314,314,318,318,318,319
Niedersachsen,LK Wesermarsch,5,8,9,10,10,24,31,38,39,39,39,42,44,46,46,47,47,47,47,47,48,49,49,51,51,51,51,51,51,51,51,51,51,51,51,51,51,51,51,51,51,51,51,51,51,51,51,51,51,51
Niedersachsen,LK Wittmund,4,5,6,6,7,9,12,13,13,15,16,15,16,16,16,16,16,16,20,20,20,20,20,21,21,21,21,22,22,24,24,24,24,24,24,24,24,24,24,24,24,25,25,26,26,26,27,27,27,27
Bremen,SK Bremen,150,155,168,185,194,224,243,255,266,273,288,304,318,330,368,371,374,398,419,428,443,454,460,466,474,481,529,540,558,577,581,595,643,676,682,700,715,720,752,778,807,818,821,838,839,854,895,925,949,965
Bremen,SK Bremerhaven,15,15,15,15,17,17,17,20,20,21,23,23,23,24,26,26,25,26,26,26,26,26,26,26,26,26,27,27,27,27,28,29,29,31,37,39,39,39,45,49,52,53,54,55,56,62,68,72,75,78
Nordrhein-Westfalen,SK Düsseldorf,155,189,206,242,267,294,321,344,364,368,416,456,497,539,574,585,596,644,678,714,735,735,761,773,786,798,829,858,876,910,926,938,943,958,966,966,980,1002,1017,1027,1042,1060,1074,1089,1089,1111,1147,1156,1163,1163
Nordrhein-Westfalen,SK Duisburg,55,89,130,144,157,185,212,226,227,259,292,308,328,345,358,370,397,397,424,467,482,482,517,517,558,574,599,613,632,632,649,701,745,762,780,792,801,801,828,849,878,878,896,908,918,933,944,961,972,988
Nordrhein-Westfalen,SK Essen,58,135,213,249,249,292,349,349,349,355,357,370,370,402,402,402,446,452,452,494,494,494,494,502,502,517,538,539,539,539,539,691,698,712,713,713,713,723,727,727,742,742,742,742,756,761,770,779,788,788
Nordrhein-Westfalen,SK Krefeld,41,56,68,86,91,104,121,135,135,165,190,199,213,220,238,245,245,257,264,264,278,282,282,282,282,299,299,315,330,368,368,426,434,438,457,457,467,476,485,496,504,504,504,504,528,532,539,544,544,552
Nordrhein-Westfalen,SK Mönchengladbach,35,77,77,106,118,123,147,164,164,164,177,205,214,214,250,248,260,281,307,321,321,352,352,361,364,372,379,393,406,422,422,430,444,452,455,465,467,468,479,483,486,495,497,499,500,505,516,516,527,534
Nordrhein-Westfalen,SK Mülheim a.d.Ruhr,17,34,34,45,51,51,52,61,61,61,75,80,85,94,100,100,100,108,116,117,117,117,128,128,128,134,136,139,141,141,141,147,159,160,163,163,163,168,168,170,176,176,176,176,176,180,180,185,186,186
Nordrhein-Westfalen,SK Oberhausen,11,35,37,37,39,43,54,56,58,58,65,65,75,91,97,110,110,114,126,126,135,135,140,140,142,144,144,151,156,158,158,160,170,171,173,174,176,176,177,188,191,194,215,225,228,228,233,243,243,244
Nordrhein-Westfalen,SK Remscheid,13,30,30,32,34,34,43,52,56,57,59,67,78,78,90,90,97,102,110,117,144,159,159,164,165,165,181,194,194,196,196,203,205,209,210,210,210,210,213,213,213,213,213,213,214,216,219,221,223,223
Nordrhein-Westfalen,SK Solingen,9,34,38,38,38,62,69,81,87,87,100,107,112,124,124,124,138,145,151,151,159,164,170,173,173,185,186,194,199,203,203,216,219,221,223,223,223,224,226,226,227,227,227,227,228,229,231,232,233,233
Nordrhein-Westfalen,SK Wuppertal,37,65,67,78,89,98,111,175,187,190,200,243,256,280,280,321,333,372,395,492,500,500,544,561,574,593,609,609,681,703,723,746,755,762,766,766,784,791,794,802,813,813,813,827,828,838,838,850,856,856
Nordrhein-Westfalen,LK Kleve,69,103,103,103,129,147,175,192,235,247,281,302,324,352,354,374,376,309,320,347,369,369,418,418,418,418,417,452,467,486,491,515,523,534,551,551,557,565,574,579,587,588,591,591,576,580,583,587,590,590
Nordrhein-Westfalen,LK Mettmann,72,110,172,197,219,246,253,269,275,314,349,373,406,418,441,462,494,503,528,571,624,637,643,657,694,707,729,748,748,778,786,768,775,780,797,805,813,819,819,842,859,859,866,867,866,873,875,877,886,887
Nordrhein-Westfalen,LK Rhein-Kreis Neuss,38,118,139,150,193,224,266,282,282,329,346,365,381,412,412,421,461,465,467,481,481,483,496,505,510,512,520,530,534,540,552,554,560,571,573,573,573,579,581,590,596,607,611,619,622,623,623,632,641,650
Nordrhein-Westfalen,LK Viersen,39,58,58,62,74,85,107,107,113,130,144,156,191,217,260,279,283,295,313,331,348,369,375,377,409,409,436,454,481,498,538,563,569,581,590,598,600,602,606,616,627,645,649,649,652,658,662,666,668,678
Nordrhein-Westfalen,LK Wesel,66,108,132,146,161,161,192,192,192,216,228,228,243,249,249,249,280,302,319,338,338,338,363,381,389,396,404,411,434,437,448,461,466,474,474,490,490,494,502,509,509,509,518,518,530,530,536,542,547,547
Nordrhein-Westfalen,SK Bonn,73,139,156,163,177,210,225,239,260,265,283,296,318,354,364,400,411,417,443,458,473,483,502,516,525,538,549,555,556,571,571,578,578,593,594,615,631,631,639,648,650,662,667,667,667,672,677,680,686,686
Nordrhein-Westfalen,SK Köln,227,266,285,285,301,369,564,730,755,992,1246,1417,1525,1661,1720,1750,1750,1750,1868,1916,1963,2009,2031,2031,2069,2085,2111,2135,2135,2184,2189,2197,2211,2222,2238,2238,2250,2254,2254,2272,2292,2292,2315,2318,2323,2329,2343,2343,2343,2369
Nordrhein-Westfalen,SK Leverkusen,29,34,34,49,49,49,71,79,89,91,100,115,121,130,136,136,140,143,146,146,146,146,146,146,155,157,165,173,173,176,176,185,185,190,190,191,191,192,195,196,200,200,201,201,203,207,211,214,214,214
Nordrhein-Westfalen,StadtRegion Aachen,178,294,295,359,441,531,636,692,716,715,836,897,976,1086,1164,1213,1222,1230,1313,1364,1419,1459,1470,1498,1505,1512,1573,1596,1617,1632,1657,1666,1666,1793,1817,1829,1831,1842,1851,1863,1887,1884,1884,1884,1884,1890,1890,1903,1903,1903
Nordrhein-Westfalen,LK Düren,41,92,138,146,158,171,191,207,223,236,240,255,262,306,323,338,345,345,363,386,405,427,437,447,450,454,467,494,501,511,516,520,520,528,535,539,540,544,547,551,556,558,561,561,565,565,566,568,571,571
Nordrhein-Westfalen,LK Rhein-Erft-Kreis,48,63,63,130,148,178,197,202,205,247,289,315,315,425,425,425,496,579,614,643,677,715,721,747,761,788,808,814,854,858,881,890,913,920,925,931,943,949,954,959,970,984,988,994,999,1010,1018,1028,1044,1044
Nordrhein-Westfalen,LK Euskirchen,13,50,52,55,57,57,95,101,105,120,126,133,154,169,205,205,205,214,223,235,247,265,268,276,282,283,287,305,305,307,312,317,328,330,331,338,338,341,346,349,357,370,370,370,370,380,394,394,407,407
Nordrhein-Westfalen,LK Heinsberg,808,952,983,995,1023,1116,1144,1196,1229,1238,1264,1303,1376,1403,1429,1442,1455,1462,1486,1521,1534,1534,1564,1564,1568,1592,1601,1619,1674,1684,1684,1695,1695,1714,1730,1733,1733,1743,1746,1747,1756,1756,1756,1756,1761,1772,1780,1785,1788,1788
Nordrhein-Westfalen,LK Oberbergischer Kreis,50,71,94,94,116,133,161,170,182,215,230,258,277,294,301,318,318,329,335,346,360,360,369,369,369,370,378,388,394,394,394,429,435,438,444,444,444,448,448,449,451,451,451,451,456,458,462,464,464,464
Nordrhein-Westfalen,LK Rheinisch-Bergischer Kreis,48,76,108,118,137,140,162,162,162,197,200,220,231,231,244,244,287,301,301,317,318,340,347,371,372,379,379,390,393,397,395,395,403,405,405,405,405,424,425,425,429,429,430,431,433,435,438,439,440,441
Nordrhein-Westfalen,LK Rhein-Sieg-Kreis,30,51,51,51,51,348,396,396,483,502,534,567,574,578,651,670,709,735,780,780,780,863,874,889,907,951,990,1025,1025,1051,1083,1097,1097,1112,1121,1126,1140,1151,1151,1151,1168,1172,1187,1187,1190,1192,1194,1200,1203,1202
Nordrhein-Westfalen,SK Bottrop,9,12,12,13,15,16,16,16,24,24,24,27,27,27,27,27,31,34,36,38,38,52,52,55,56,61,65,104,104,111,120,120,123,125,138,141,141,143,144,146,148,155,155,155,168,175,175,175,177,177
Nordrhein-Westfalen,SK Gelsenkirchen,13,34,42,48,48,57,69,69,69,89,99,99,125,125,125,125,125,180,183,193,193,204,207,214,218,222,227,234,234,246,248,275,281,281,281,281,281,322,331,335,335,337,337,341,341,344,346,353,356,356
Nordrhein-Westfalen,SK Münster,124,230,262,291,311,360,387,403,426,448,460,478,499,499,499,499,545,561,567,578,578,580,585,585,594,597,602,607,607,612,614,613,621,623,628,629,629,631,631,635,634,634,634,634,635,635,638,640,644,646
Nordrhein-Westfalen,LK Borken,131,226,279,297,323,353,382,382,414,433,459,511,552,552,600,632,667,667,715,746,746,761,762,778,786,801,814,824,830,835,836,845,854,864,871,876,877,878,880,880,882,886,886,891,893,895,906,910,920,919
Nordrhein-Westfalen,LK Coesfeld,70,116,137,159,158,173,194,229,229,291,307,312,336,360,372,372,372,402,410,423,425,435,447,454,455,456,458,458,468,474,476,480,482,485,490,490,490,498,501,504,515,517,526,541,547,582,587,631,685,714
Nordrhein-Westfalen,LK Recklinghausen,72,96,93,135,146,146,158,224,242,257,305,319,377,388,389,455,466,495,519,550,581,612,612,635,637,651,698,754,754,820,872,909,933,954,978,1002,1002,1012,1021,1025,1058,1058,1089,1089,1114,1118,1131,1146,1161,1171
Nordrhein-Westfalen,LK Steinfurt,100,157,157,200,231,245,304,304,336,365,386,411,441,526,526,585,604,685,747,809,867,897,927,957,976,1021,1021,1076,1076,1096,1141,1150,1167,1185,1194,1204,1221,1230,1239,1246,1223,1233,1243,1249,1254,1257,1269,1277,1290,1290
Nordrhein-Westfalen,LK Warendorf,83,169,173,189,218,242,268,268,278,290,296,315,333,338,339,340,342,345,348,359,362,362,372,372,398,403,410,417,420,421,422,424,426,445,448,449,450,451,456,458,463,465,467,471,471,472,473,474,475,476
Nordrhein-Westfalen,SK Bielefeld,11,11,11,36,36,103,123,123,123,169,169,169,316,335,340,340,340,340,367,367,367,367,367,367,367,367,367,496,496,338,338,341,354,355,363,365,375,378,380,380,384,384,384,384,384,384,391,392,392,392
Nordrhein-Westfalen,LK Gütersloh,101,140,172,190,209,233,252,271,271,304,311,314,328,342,350,350,374,397,423,439,439,439,439,439,439,472,479,499,513,517,529,577,577,587,587,587,587,587,588,593,594,596,596,596,598,599,595,597,597,597
Nordrhein-Westfalen,LK Herford,35,98,98,102,110,119,124,139,144,144,149,149,149,192,214,226,233,238,247,253,264,271,274,277,277,278,284,290,291,293,293,301,309,315,316,317,317,317,317,319,324,325,325,325,325,325,326,327,327,328
Nordrhein-Westfalen,LK Höxter,2,2,20,20,33,39,54,54,63,65,70,71,76,76,120,145,149,149,149,150,150,150,150,150,221,230,236,242,248,256,259,261,268,276,278,278,278,282,284,285,297,302,303,306,306,308,311,313,316,316
Nordrhein-Westfalen,LK Lippe,103,134,145,162,179,214,220,247,279,283,302,313,313,348,379,404,421,442,471,495,510,510,514,514,514,549,562,562,562,604,611,659,670,679,686,687,687,699,702,706,710,710,712,712,728,730,729,733,738,738
Nordrhein-Westfalen,LK Minden-Lübbecke,111,141,154,177,199,214,230,230,236,249,277,323,323,323,323,323,391,331,338,354,358,358,371,371,379,380,383,387,393,394,394,394,400,403,406,413,414,414,414,418,423,423,425,426,426,428,434,452,453,453
Nordrhein-Westfalen,LK Paderborn,36,58,74,81,97,105,117,117,140,148,187,213,249,308,308,311,321,371,404,421,421,421,467,467,480,494,501,518,518,527,530,541,549,554,566,567,567,571,575,575,581,582,582,582,583,588,590,590,594,595
Nordrhein-Westfalen,SK Bochum,34,94,112,125,139,156,172,186,186,196,201,212,216,235,251,251,251,263,266,266,269,269,269,309,306,307,344,385,395,401,403,409,420,420,421,421,421,424,427,427,432,432,432,432,432,437,445,456,456,456
Nordrhein-Westfalen,SK Dortmund,64,106,106,174,174,174,229,229,250,250,250,301,331,363,363,381,410,431,477,491,491,514,524,538,558,558,558,581,588,598,598,617,617,617,629,642,663,663,676,676,684,689,689,691,691,699,699,699,707,709
Nordrhein-Westfalen,SK Hagen,11,42,43,50,55,55,57,62,62,80,80,82,93,96,102,102,120,122,125,139,139,148,165,165,172,182,186,189,189,199,203,207,212,229,233,233,233,247,249,249,255,261,261,261,267,272,280,281,296,302
Nordrhein-Westfalen,SK Hamm,16,61,83,91,96,111,119,133,148,152,156,170,181,208,229,245,255,265,273,294,297,303,309,313,319,333,346,358,370,383,391,405,413,419,422,424,426,431,439,442,442,441,449,450,450,450,453,454,459,460
Nordrhein-Westfalen,SK Herne,6,16,16,21,21,33,41,44,48,52,54,57,63,65,68,68,68,73,79,83,92,95,96,103,103,105,109,125,130,131,131,139,143,147,154,154,155,159,159,166,169,169,169,169,169,169,174,174,178,178
Nordrhein-Westfalen,LK Ennepe-Ruhr-Kreis,11,18,28,31,32,32,37,37,159,175,192,210,216,228,245,245,257,270,280,291,299,308,311,311,319,323,332,342,342,357,362,365,366,370,373,373,376,376,379,380,385,390,392,392,392,400,402,404,407,408
Nordrhein-Westfalen,LK Hochsauerlandkreis,60,123,123,139,155,182,205,212,230,243,252,285,311,352,363,385,396,408,420,470,470,487,501,507,511,520,524,539,540,548,548,551,560,562,565,565,565,566,571,581,583,583,584,585,585,585,589,589,589,589
Nordrhein-Westfalen,LK Märkischer Kreis,31,38,47,47,54,72,80,88,101,118,130,149,172,174,195,195,210,231,242,285,290,323,349,361,364,378,395,426,435,463,463,477,479,491,514,517,530,537,550,557,559,562,563,564,564,565,571,573,576,582
Nordrhein-Westfalen,LK Olpe,9,17,19,19,29,39,82,89,104,129,134,137,152,189,189,207,215,225,241,277,302,328,352,374,399,410,420,452,452,482,485,497,507,522,527,536,541,549,551,558,566,566,574,577,579,582,590,593,597,603
Nordrhein-Westfalen,LK Siegen-Wittgenstein,15,15,15,51,60,61,79,89,92,98,100,108,117,123,148,162,162,166,170,179,192,193,204,205,205,205,228,240,240,246,246,250,258,259,262,262,262,272,278,278,287,288,289,290,290,290,290,290,299,303
Nordrhein-Westfalen,LK Soest,12,91,93,110,121,135,153,153,176,193,205,223,215,224,228,236,245,267,284,295,300,306,312,312,315,319,323,326,330,332,332,332,334,334,335,336,339,339,341,342,343,344,344,351,351,351,351,352,352,352
Nordrhein-Westfalen,LK Unna,15,41,41,79,108,115,141,143,154,162,169,169,193,217,252,252,296,320,338,340,357,357,374,374,410,429,444,481,501,511,546,558,565,575,579,585,589,591,594,599,616,616,616,622,623,630,635,638,646,646
Hessen,SK Darmstadt,23,27,27,28,38,48,57,57,64,70,72,72,79,87,92,93,96,96,99,108,114,114,117,118,119,123,123,133,136,158,159,163,178,182,184,186,186,190,197,198,201,201,201,203,203,205,210,210,210,213
Hessen,SK Frankfurt am Main,148,164,196,196,241,241,309,309,354,396,438,438,505,547,581,598,638,666,696,799,800,800,856,868,926,934,997,1021,1045,1057,1079,1105,1127,1153,1176,1207,1213,1217,1234,1259,1268,1285,1288,1297,1304,1314,1324,1343,1346,1358
Hessen,SK Offenbach,6,9,9,14,18,18,21,21,24,26,26,26,33,34,35,40,42,42,50,52,54,54,55,55,59,60,60,63,70,70,71,72,74,75,76,78,81,84,93,94,101,101,104,104,107,115,115,122,124,130
Hessen,SK Wiesbaden,52,52,91,99,110,124,131,131,146,174,179,183,194,198,205,207,209,215,227,238,245,248,248,249,253,257,268,272,276,280,281,289,288,291,292,293,300,301,310,311,315,323,325,325,327,331,342,348,348,351
Hessen,LK Bergstraße,38,38,67,91,101,112,132,132,152,167,176,186,197,203,218,223,225,229,242,253,257,259,265,266,270,276,281,284,286,286,286,289,293,294,298,298,298,301,304,309,311,311,312,312,312,313,316,319,320,323
Hessen,LK Darmstadt-Dieburg,62,75,79,81,111,130,144,145,161,176,193,194,206,222,230,236,240,240,250,284,289,289,296,297,306,314,314,327,335,334,336,342,344,347,348,348,350,361,357,358,362,362,364,364,365,367,367,367,369,371
Hessen,LK Groß-Gerau,56,84,99,117,122,136,150,150,184,191,195,215,222,234,243,243,248,258,268,282,299,300,303,303,304,318,332,350,354,355,357,370,375,388,395,395,399,401,410,418,426,429,431,431,431,440,445,452,464,468
Hessen,LK Hochtaunuskreis,51,68,71,75,107,110,127,127,137,141,155,163,167,177,184,182,186,190,205,207,211,211,211,212,213,216,218,220,222,222,222,226,229,231,231,231,232,233,233,238,241,242,243,243,245,245,245,245,245,247
Hessen,LK Main-Kinzig-Kreis,50,57,57,81,105,112,116,116,159,170,177,206,223,243,262,269,273,273,293,327,344,344,378,384,393,393,410,460,487,488,490,498,546,553,566,583,587,592,613,622,632,647,648,648,653,653,661,665,668,680
Hessen,LK Main-Taunus-Kreis,53,54,66,66,88,88,98,98,117,132,132,139,147,153,165,165,168,168,173,186,186,186,192,192,196,196,201,207,214,214,214,223,235,235,243,250,250,250,258,264,264,269,278,278,278,281,282,283,283,283
Hessen,LK Odenwaldkreis,17,23,24,27,33,46,47,47,58,61,69,93,99,107,114,133,137,140,157,177,182,183,187,192,201,210,231,238,244,252,260,280,303,310,314,320,323,324,344,351,355,359,360,362,363,365,375,381,384,387
Hessen,LK Offenbach,64,77,92,94,120,121,140,140,172,176,176,193,204,221,242,243,256,266,273,308,316,316,345,347,357,357,367,377,394,396,396,398,413,413,422,432,433,433,445,461,461,474,475,480,482,483,486,505,517,529
Hessen,LK Rheingau-Taunus-Kreis,31,31,47,47,64,64,87,87,107,113,117,129,135,147,147,147,160,166,170,176,176,176,176,176,179,180,184,184,187,187,190,191,191,191,191,191,191,191,194,195,198,198,198,198,200,200,208,214,221,223
Hessen,LK Wetteraukreis,40,40,44,44,66,74,77,77,91,99,115,124,132,141,151,154,155,159,169,186,186,196,204,204,209,211,215,218,232,243,242,245,254,257,260,260,262,262,263,265,268,269,269,269,270,272,275,282,282,282
Hessen,LK Gießen,56,60,67,72,94,98,99,99,122,128,134,134,134,152,168,168,170,170,175,175,180,180,184,185,186,187,188,188,197,196,196,205,209,209,211,214,213,213,215,219,221,226,226,226,226,226,226,228,230,234
Hessen,LK Lahn-Dill-Kreis,47,65,82,82,96,116,116,116,152,153,153,168,183,194,217,239,259,259,262,286,286,295,295,305,308,309,315,317,318,318,318,318,323,325,329,331,331,332,333,334,334,335,335,335,335,335,336,339,341,341
Hessen,LK Limburg-Weilburg,56,58,80,97,115,119,139,139,149,150,161,170,177,191,194,198,201,201,203,211,212,215,216,216,220,222,225,230,233,235,236,240,240,244,245,254,254,254,259,261,264,264,264,266,266,270,273,275,278,279
Hessen,LK Marburg-Biedenkopf,35,48,62,62,82,91,97,97,103,108,108,118,118,122,122,122,138,138,142,154,154,154,154,159,165,167,168,171,171,171,171,175,176,177,179,179,179,180,181,181,180,180,180,180,183,183,182,189,189,191
Hessen,LK Vogelsbergkreis,17,25,28,29,36,39,45,45,53,53,53,61,66,73,76,78,78,80,91,96,100,100,100,100,100,102,103,106,109,110,110,113,117,118,119,120,120,120,121,121,121,121,121,121,121,121,121,121,121,121
Hessen,SK Kassel,43,43,44,48,61,65,73,73,83,84,84,92,93,100,103,103,106,116,126,136,136,136,149,149,149,164,180,187,193,194,196,203,207,209,220,226,226,229,247,257,257,272,275,278,279,282,286,287,290,291
Hessen,LK Fulda,76,76,103,104,114,118,123,123,147,146,154,186,194,208,214,216,216,231,243,255,261,261,263,263,275,281,284,286,289,289,290,292,293,295,298,298,298,299,298,298,299,299,299,299,301,302,301,302,303,303
Hessen,LK Hersfeld-Rotenburg,25,26,26,28,28,28,32,32,44,44,47,56,77,78,118,118,118,118,138,146,153,153,164,173,174,180,182,185,189,191,191,192,193,193,193,193,193,193,194,194,194,196,196,196,197,198,198,198,198,198
Hessen,LK Kassel,39,44,45,49,59,73,75,75,81,86,86,98,99,112,114,117,119,138,149,170,170,170,214,216,215,227,235,242,257,260,263,270,284,291,303,309,310,311,317,322,322,332,337,338,338,338,348,348,352,358
Hessen,LK Schwalm-Eder-Kreis,58,69,75,75,93,93,108,108,156,158,158,168,204,229,262,262,274,274,304,316,328,328,348,349,358,358,384,402,419,419,419,420,435,439,445,449,449,452,460,466,466,472,475,475,477,477,484,490,490,493
Hessen,LK Waldeck-Frankenberg,29,29,34,39,42,45,47,47,55,61,66,73,80,80,91,91,95,99,103,110,113,113,113,113,113,122,127,130,130,130,136,137,137,142,142,142,142,143,143,143,143,146,146,146,146,147,147,149,150,150
Hessen,LK Werra-Meißner-Kreis,3,5,5,9,13,14,14,14,20,20,21,22,25,26,27,29,30,33,34,56,56,78,81,92,99,106,113,118,121,122,122,124,129,150,157,159,159,160,161,165,172,173,174,175,176,179,183,188,193,194
Rheinland-Pfalz,SK Koblenz,49,57,62,67,85,96,97,105,118,119,124,131,136,156,164,165,172,192,197,199,206,210,212,213,216,221,226,226,229,234,236,237,239,242,243,245,249,253,253,256,256,256,256,257,255,255,263,263,263,263
Rheinland-Pfalz,LK Ahrweiler,37,40,41,49,52,55,62,61,64,66,70,74,78,83,86,91,100,102,103,106,106,111,111,112,112,113,113,114,114,114,114,115,115,115,115,115,115,117,117,121,125,125,127,136,136,138,138,138,140,140
Rheinland-Pfalz,LK Altenkirchen,4,8,10,12,16,19,30,30,36,39,41,46,47,49,51,53,62,62,65,67,79,83,84,90,94,97,99,110,110,118,118,118,118,126,126,126,131,133,147,149,150,152,152,153,153,154,155,155,155,155
Rheinland-Pfalz,LK Bad Kreuznach,37,37,49,52,59,59,59,59,59,59,95,108,120,127,131,131,136,136,141,145,145,145,145,145,149,158,161,164,166,166,173,177,178,182,184,186,186,186,186,186,186,187,187,187,189,192,192,192,192,193
Rheinland-Pfalz,LK Birkenfeld,5,5,11,16,17,18,23,29,31,32,33,33,41,42,47,50,50,51,51,55,62,66,66,68,68,70,70,72,72,74,74,77,77,78,80,80,80,80,81,81,82,82,82,83,84,84,84,84,84,84
Rheinland-Pfalz,LK Cochem-Zell,41,45,45,51,64,67,73,91,98,100,101,113,114,114,117,117,117,117,122,122,122,122,122,122,122,122,123,123,125,125,125,125,126,126,126,126,126,126,126,126,127,127,127,127,127,127,127,127,127,127
Rheinland-Pfalz,LK Mayen-Koblenz,120,136,151,159,181,198,198,215,215,221,233,244,254,242,252,259,263,278,285,289,296,307,314,315,317,318,321,326,329,331,332,333,335,335,337,337,339,341,341,346,347,347,347,347,347,347,339,339,339,339
Rheinland-Pfalz,LK Neuwied,58,58,80,85,105,109,121,121,121,133,137,141,152,158,159,159,173,176,190,194,197,197,197,197,197,208,211,213,213,213,214,214,212,213,213,215,215,216,216,209,209,209,209,209,209,210,210,210,210,210
Rheinland-Pfalz,LK Rhein-Hunsrück-Kreis,45,50,50,77,86,93,105,114,125,123,125,115,112,115,119,125,125,126,130,131,134,136,137,138,139,143,149,151,154,154,156,157,157,160,161,161,161,161,161,174,163,163,163,163,163,161,163,163,163,163
Rheinland-Pfalz,LK Rhein-Lahn-Kreis,33,34,45,48,51,61,68,72,77,80,87,88,98,105,105,113,115,116,120,125,128,130,131,133,135,135,136,147,147,149,149,149,149,149,149,150,151,151,151,151,152,152,152,152,152,154,155,157,160,160
Rheinland-Pfalz,LK Westerwaldkreis,60,60,84,92,94,101,113,123,130,134,144,157,175,176,183,192,199,226,256,256,261,269,270,273,288,288,291,295,309,314,315,316,317,317,320,323,325,325,326,326,327,330,332,332,332,333,333,333,343,343
Rheinland-Pfalz,SK Trier,11,14,18,21,22,23,29,37,44,57,60,63,65,69,70,71,71,75,81,83,84,83,83,88,90,90,90,92,94,94,94,94,94,94,94,95,95,96,96,97,97,99,99,99,99,99,99,100,100,100
Rheinland-Pfalz,LK Bernkastel-Wittlich,18,21,24,30,33,33,46,46,50,58,67,68,73,76,79,81,87,95,98,99,108,111,112,112,115,117,119,121,122,122,122,123,124,127,127,127,128,128,128,129,131,131,132,133,133,133,134,140,140,140
Rheinland-Pfalz,LK Bitburg-Prüm,39,44,46,49,54,54,77,79,91,93,97,103,113,117,119,121,123,125,128,129,131,131,134,135,142,142,148,150,151,156,158,160,160,160,161,165,167,167,169,169,172,172,174,174,174,175,177,177,177,177
Rheinland-Pfalz,LK Vulkaneifel,28,28,29,29,31,32,35,39,39,48,51,52,59,64,65,82,82,86,86,89,90,94,94,94,100,100,101,102,102,102,106,106,108,108,109,109,109,109,109,110,111,113,115,115,115,115,116,116,117,117
Rheinland-Pfalz,LK Trier-Saarburg,21,28,30,38,40,45,48,50,56,76,79,88,92,96,103,105,105,116,123,128,130,133,134,138,148,154,155,161,163,163,165,165,167,171,172,174,174,175,175,180,183,186,186,186,191,192,193,193,193,193
Rheinland-Pfalz,SK Frankenthal,11,11,11,12,12,12,13,16,16,16,19,22,24,25,25,27,27,27,27,27,31,31,31,31,31,32,32,33,33,36,36,36,37,38,38,38,39,41,41,41,41,41,41,41,41,41,41,41,42,42
Rheinland-Pfalz,SK Kaiserslautern,14,19,29,34,46,46,49,52,53,54,54,62,62,70,70,73,73,75,83,83,85,87,89,89,89,91,97,98,102,105,107,107,110,110,111,111,111,116,117,117,123,123,130,130,130,131,132,134,134,137
Rheinland-Pfalz,SK Landau i.d.Pfalz,5,5,7,12,14,16,25,26,29,31,33,35,39,41,42,43,44,45,45,49,49,49,49,49,50,50,50,51,51,52,52,52,52,53,54,54,54,56,56,56,56,56,56,56,57,57,56,56,56,56
Rheinland-Pfalz,SK Ludwigshafen,17,17,17,25,31,37,45,54,54,74,73,86,95,112,112,129,147,152,162,162,166,169,174,205,225,231,238,234,243,251,252,252,253,258,261,262,264,266,268,268,272,272,274,278,278,279,281,281,283,284
Rheinland-Pfalz,SK Mainz,63,82,86,94,106,121,125,144,180,182,187,196,221,223,239,266,271,286,301,319,345,351,358,358,359,365,380,392,426,437,437,441,448,465,469,489,495,495,502,504,514,513,519,519,519,529,531,541,543,546
Rheinland-Pfalz,SK Neustadt a.d.Weinstraße,10,11,12,16,17,39,44,44,50,52,55,62,62,63,67,71,73,75,77,81,81,81,86,86,87,87,89,89,89,90,90,90,90,92,92,92,92,92,92,92,102,102,102,102,102,102,102,102,102,102
Rheinland-Pfalz,SK Pirmasens,1,3,7,7,8,12,12,12,12,15,15,15,20,20,20,24,24,24,24,24,26,26,26,26,27,27,30,30,30,30,30,30,30,30,30,30,30,30,30,30,30,30,30,30,30,30,30,30,30,30
Rheinland-Pfalz,SK Speyer,7,7,7,13,12,14,14,22,22,22,24,29,31,34,34,35,37,37,41,41,45,47,48,48,50,51,52,52,53,55,55,55,58,59,62,66,66,73,74,74,81,81,81,81,81,81,81,82,82,82
Rheinland-Pfalz,SK Worms,4,8,41,47,52,55,61,61,68,68,78,83,86,86,102,112,114,115,121,121,127,134,137,140,143,145,146,147,155,158,159,160,163,167,167,173,173,179,179,182,184,185,190,190,190,190,191,191,193,193
Rheinland-Pfalz,SK Zweibrücken,1,2,3,4,4,5,9,9,9,9,12,13,20,20,22,26,26,26,27,27,26,26,30,30,32,32,32,35,35,35,35,35,35,35,35,35,35,35,35,35,35,35,35,35,35,35,35,35,35,35
Rheinland-Pfalz,LK Alzey-Worms,69,68,50,56,60,63,73,74,79,82,84,91,93,93,99,104,104,106,108,108,121,130,133,133,140,147,151,152,159,163,163,169,171,173,173,184,192,196,208,221,227,227,227,227,227,227,234,234,242,242
Rheinland-Pfalz,LK Bad Dürkheim,73,84,95,110,129,117,138,145,159,161,169,188,188,199,206,219,221,229,233,243,253,253,267,270,274,274,286,287,287,300,304,304,306,308,308,311,315,315,321,321,314,314,315,315,315,315,316,316,316,316
Rheinland-Pfalz,LK Donnersbergkreis,17,17,29,32,35,47,52,52,52,58,60,63,63,68,70,70,71,75,77,81,86,87,87,87,97,100,101,105,105,105,109,111,112,112,114,114,114,115,116,116,118,118,118,118,119,119,119,119,125,125
Rheinland-Pfalz,LK Germersheim,25,28,30,35,41,46,51,56,59,62,69,70,72,72,85,93,93,94,103,105,105,116,117,117,117,118,119,123,123,128,130,131,133,136,137,137,137,138,139,139,139,139,139,139,139,140,140,140,140,140
Rheinland-Pfalz,LK Kaiserslautern,14,21,30,33,43,43,46,50,54,54,54,62,62,65,64,66,69,74,80,80,83,86,87,87,89,90,92,94,95,95,95,95,95,96,96,97,97,97,97,97,97,97,97,97,97,97,97,97,98,99
Rheinland-Pfalz,LK Kusel,19,21,24,29,32,32,36,36,44,45,47,53,53,57,60,64,64,64,70,70,73,77,78,81,82,81,82,84,84,84,84,85,85,87,87,87,87,87,87,86,87,87,87,87,87,88,88,89,88,88
Rheinland-Pfalz,LK Südliche Weinstraße,30,31,33,36,44,48,62,64,67,75,86,95,100,109,113,119,122,123,123,124,130,134,134,134,134,137,138,140,140,140,140,140,140,142,143,143,143,145,145,146,148,148,148,148,149,150,150,150,150,150
Rheinland-Pfalz,LK Rhein-Pfalz-Kreis,9,9,9,34,39,41,44,60,60,60,62,92,105,113,113,134,137,137,149,149,156,156,157,159,162,162,172,185,188,193,193,193,195,200,202,201,202,204,206,206,208,208,209,209,209,210,210,210,212,212
Rheinland-Pfalz,LK Mainz-Bingen,47,55,58,67,79,86,96,115,125,127,129,143,177,184,200,215,218,227,228,248,271,282,281,282,286,293,312,323,331,334,336,338,351,363,367,373,377,379,382,383,386,386,389,389,390,395,395,400,402,402
Rheinland-Pfalz,LK Südwestpfalz,11,13,17,20,22,28,33,33,38,41,45,48,60,61,70,77,77,78,81,81,84,84,95,95,98,98,99,103,103,103,103,103,103,104,104,104,105,105,105,105,106,106,106,106,106,106,106,106,106,106
Baden-Württemberg,SK Stuttgart,308,308,441,451,503,526,633,633,683,702,784,825,857,896,923,941,941,971,1008,1008,1069,1086,1110,1146,1154,1154,1178,1200,1223,1223,1246,1246,1262,1286,1286,1290,1307,1310,1310,1317,1326,1331,1334,1340,1340,1340,1344,1354,1361,1371
Baden-Württemberg,LK Böblingen,67,67,187,224,233,263,333,333,370,414,432,650,694,774,820,860,914,969,1002,1031,1099,1117,1117,1154,1172,1172,1186,1222,1229,1229,1250,1268,1271,1277,1279,1285,1288,1291,1296,1297,1302,1304,1304,1305,1305,1305,1306,1313,1322,1322
Baden-Württemberg,LK Esslingen,322,322,434,461,492,568,647,647,704,760,832,880,944,963,1069,1093,1116,1130,1204,1223,1301,1301,1358,1387,1432,1437,1457,1483,1513,1530,1539,1539,1564,1598,1614,1635,1643,1650,1657,1663,1674,1692,1693,1698,1699,1702,1711,1712,1716,1726
Baden-Württemberg,LK Göppingen,110,110,181,182,234,234,297,297,335,381,399,452,477,494,516,541,550,556,580,580,631,637,637,653,666,666,685,701,705,713,713,717,720,731,731,736,740,744,744,747,748,760,760,760,767,770,774,775,773,775
Baden-Württemberg,LK Ludwigsburg,176,176,251,276,353,409,544,544,544,673,701,749,818,939,954,1039,1050,1065,1103,1167,1250,1254,1299,1299,1308,1326,1340,1367,1392,1392,1446,1451,1466,1500,1515,1587,1592,1592,1596,1604,1613,1639,1639,1646,1646,1646,1646,1659,1670,1692
Baden-Württemberg,LK Rems-Murr-Kreis,118,118,118,173,194,233,292,295,295,295,406,474,553,620,620,622,772,772,824,879,933,956,956,966,974,974,992,1018,1028,1028,1085,1085,1124,1148,1156,1218,1218,1274,1274,1303,1320,1320,1320,1320,1342,1354,1374,1389,1400,1400
Baden-Württemberg,SK Heilbronn,18,18,53,58,70,81,104,104,122,147,168,168,220,220,265,274,274,277,285,317,331,331,338,344,344,351,354,361,363,382,387,387,387,390,398,403,403,407,407,410,413,415,415,415,415,418,418,419,419,419
Baden-Württemberg,LK Heilbronn,139,139,196,211,235,268,330,330,365,390,427,435,484,485,521,521,541,555,579,604,638,651,655,662,664,682,690,714,737,767,782,784,799,828,834,847,851,851,863,866,882,885,885,887,887,889,891,898,899,902
Baden-Württemberg,LK Hohenlohekreis,219,219,256,278,278,285,350,350,403,454,454,480,510,516,547,554,585,596,607,637,654,661,670,676,679,679,686,693,708,709,710,713,721,730,730,732,732,742,744,744,744,744,744,744,744,747,747,750,753,757
Baden-Württemberg,LK Schwäbisch Hall,97,97,149,152,179,179,257,257,292,321,348,362,427,455,507,507,543,543,568,598,615,615,631,631,637,643,656,675,694,703,708,727,731,731,745,766,787,791,799,800,805,808,808,808,809,811,814,819,820,822
Baden-Württemberg,LK Main-Tauber-Kreis,36,36,53,53,58,67,74,74,92,112,136,141,171,179,201,234,245,248,248,262,275,275,291,291,291,296,302,308,316,320,322,322,327,339,339,342,349,349,349,351,353,356,356,370,370,371,376,376,377,382
Baden-Württemberg,LK Heidenheim,47,47,60,62,97,98,117,117,125,160,160,208,225,226,229,229,238,270,280,276,278,312,314,314,336,336,361,405,391,398,403,405,409,411,411,419,419,419,420,421,461,478,482,485,485,487,487,489,495,501
Baden-Württemberg,LK Ostalbkreis,90,90,120,139,170,224,236,236,257,274,299,322,369,401,418,418,421,430,445,461,469,469,486,486,578,748,804,841,899,953,994,1015,1033,1050,1075,1106,1119,1119,1136,1165,1181,1187,1187,1199,1199,1217,1237,1249,1269,1269
Baden-Württemberg,SK Baden-Baden,21,21,33,36,36,37,45,45,55,73,84,91,93,100,104,109,112,113,122,128,129,134,138,143,145,145,147,154,154,159,162,163,164,171,171,172,172,172,174,174,174,180,182,182,182,182,182,182,182,182
Baden-Württemberg,SK Karlsruhe,42,42,60,75,86,99,110,110,119,119,159,169,177,177,204,205,211,234,241,254,277,289,289,289,298,303,305,305,308,315,315,317,322,331,337,340,348,348,348,351,361,362,363,365,366,367,368,368,377,377
Baden-Württemberg,LK Karlsruhe,92,92,150,168,186,204,227,227,244,244,303,333,371,371,480,503,510,579,601,624,688,729,729,729,739,757,766,779,800,817,817,828,837,849,872,879,887,888,888,890,893,897,911,911,911,913,916,916,920,920
Baden-Württemberg,LK Rastatt,81,81,146,156,180,182,222,222,240,277,286,304,322,335,342,359,368,371,388,402,406,411,415,423,427,427,437,453,457,463,469,469,473,475,475,479,484,484,485,486,490,497,499,499,499,499,502,502,505,506
Baden-Württemberg,SK Heidelberg,4,4,86,98,109,109,113,113,124,149,155,168,179,179,190,190,234,239,274,281,281,281,281,281,280,280,295,295,297,297,263,264,267,267,271,272,272,275,277,279,279,279,280,281,285,289,288,289,289,289
Baden-Württemberg,SK Mannheim,81,81,81,136,146,161,169,169,186,216,229,229,244,260,277,287,306,317,339,354,354,370,378,378,381,390,400,407,417,418,421,421,425,425,429,437,437,439,439,441,447,453,461,464,465,466,466,467,468,470
Baden-Württemberg,LK Neckar-Odenwald-Kreis,30,30,40,45,50,50,73,73,81,91,104,113,125,130,140,142,143,146,160,166,172,181,184,184,184,196,243,270,276,282,291,296,298,302,302,342,343,348,352,359,362,372,373,379,379,383,389,398,398,403
Baden-Württemberg,LK Rhein-Neckar-Kreis,232,233,271,317,355,363,401,404,478,564,592,641,660,660,711,711,726,729,703,726,726,726,726,726,729,729,796,796,806,806,851,849,855,855,855,858,858,862,864,867,870,870,882,889,889,887,888,888,893,893
Baden-Württemberg,SK Pforzheim,14,14,17,18,19,20,24,24,28,39,46,51,54,58,68,70,70,76,83,87,91,92,102,106,106,106,110,146,170,174,187,190,208,208,229,240,250,257,259,267,270,275,278,279,285,286,290,290,304,311
Baden-Württemberg,LK Calw,108,108,150,159,182,210,226,227,279,296,309,330,346,371,401,413,423,430,441,441,473,473,515,515,526,530,543,545,563,570,596,607,612,624,641,651,655,656,664,668,670,676,679,683,683,690,697,699,707,724
Baden-Württemberg,LK Enzkreis,28,30,37,46,56,60,75,75,90,116,126,143,163,176,201,208,208,215,244,258,275,308,316,330,331,331,342,369,395,411,429,440,474,474,495,513,531,539,542,546,553,554,560,561,564,564,571,571,585,595
Baden-Württemberg,LK Freudenstadt,14,14,39,39,69,76,110,110,136,154,174,180,185,195,218,257,276,298,323,355,393,393,415,431,435,435,442,456,470,476,513,513,522,522,527,535,539,540,540,541,547,547,557,557,557,558,558,560,562,563
Baden-Württemberg,SK Freiburg i.Breisgau,149,149,212,227,254,284,325,325,346,414,442,492,534,586,633,673,675,695,758,759,790,813,833,841,847,853,859,875,888,900,907,913,922,922,923,925,931,931,931,937,940,940,942,942,944,946,949,950,950,953
Baden-Württemberg,LK Breisgau-Hochschwarzwald,133,133,177,196,222,257,276,276,302,395,422,478,547,588,642,687,697,700,782,783,822,834,860,866,872,881,885,929,950,971,978,983,1023,1025,1038,1048,1059,1060,1060,1073,1079,1082,1091,1094,1094,1094,1095,1099,1099,1103
Baden-Württemberg,LK Emmendingen,109,109,122,140,153,170,191,191,191,264,287,320,348,348,395,398,404,404,436,443,464,472,478,478,482,482,484,497,507,508,510,509,509,509,510,511,512,512,512,514,514,515,515,515,515,516,517,515,515,516
Baden-Württemberg,LK Ortenaukreis,74,74,107,123,138,164,199,199,247,318,318,319,323,326,569,607,636,642,662,698,778,779,811,819,825,834,847,870,897,897,915,915,939,952,970,998,998,1003,1010,1028,1040,1056,1065,1072,1074,1074,1081,1086,1102,1104
Baden-Württemberg,LK Rottweil,10,10,10,11,30,63,89,89,100,110,154,154,177,235,260,280,305,320,328,345,419,419,439,439,470,472,494,511,523,534,533,540,544,545,563,567,582,582,596,605,624,624,624,638,638,640,643,649,651,656
Baden-Württemberg,LK Schwarzwald-Baar-Kreis,45,46,76,79,125,129,140,141,175,190,190,217,251,251,286,310,323,323,335,335,352,372,374,382,387,387,403,410,425,428,434,437,449,464,470,476,478,478,482,492,496,500,508,515,515,520,523,521,524,527
Baden-Württemberg,LK Tuttlingen,13,13,15,32,40,74,85,85,111,142,167,181,192,197,238,272,285,303,306,322,350,353,353,356,356,365,373,387,394,395,395,401,402,414,418,423,465,465,465,466,471,480,480,483,483,483,484,489,492,492
Baden-Württemberg,LK Konstanz,52,52,70,81,89,109,124,124,132,144,162,183,210,229,267,267,278,284,294,318,329,341,347,352,352,358,368,377,381,394,394,394,397,401,412,417,426,426,430,432,432,437,442,442,442,443,447,447,451,451
Baden-Württemberg,LK Lörrach,57,57,57,101,136,147,162,162,189,219,254,288,314,323,363,371,380,387,404,418,431,446,450,451,451,451,458,469,491,503,506,513,531,531,541,568,578,579,590,634,635,643,644,644,644,648,650,650,654,654
Baden-Württemberg,LK Waldshut,13,13,25,40,48,51,61,61,61,91,98,101,119,124,162,170,175,175,185,202,216,224,230,233,233,233,234,253,274,279,279,279,283,285,287,297,299,300,300,301,301,303,304,304,305,305,306,306,305,305
Baden-Württemberg,LK Reutlingen,95,95,113,116,166,199,234,235,249,260,325,356,482,565,623,646,646,686,743,753,806,827,827,1007,1073,1128,1181,1198,1229,1258,1263,1265,1315,1344,1371,1410,1428,1438,1449,1453,1457,1461,1462,1463,1465,1472,1511,1514,1523,1542
Baden-Württemberg,LK Tübingen,114,114,153,170,331,386,541,544,575,657,676,723,768,823,823,911,943,960,988,1026,1072,1072,1078,1094,1094,1104,1132,1137,1157,1157,1158,1169,1181,1187,1197,1207,1209,1211,1211,1218,1218,1223,1223,1228,1231,1235,1235,1235,1239,1243
Baden-Württemberg,LK Zollernalbkreis,70,70,109,151,184,219,232,232,336,346,349,418,451,479,548,566,566,568,615,661,686,716,739,756,756,763,787,810,843,877,877,890,931,931,961,998,1020,1023,1025,1025,1067,1085,1107,1112,1116,1116,1131,1137,1146,1154
Baden-Württemberg,SK Ulm,35,35,53,58,72,81,89,89,103,112,118,118,128,138,164,173,182,184,184,187,192,209,218,220,220,220,222,222,227,227,228,228,233,233,236,245,245,245,245,252,254,258,258,258,260,260,261,260,260,261
Baden-Württemberg,LK Alb-Donau-Kreis,39,39,60,64,85,99,130,130,189,217,228,228,251,271,312,338,362,362,362,385,396,414,427,432,432,432,439,441,455,455,476,476,501,501,509,519,519,520,520,527,535,540,542,542,543,543,545,551,558,581
Baden-Württemberg,LK Biberach,45,45,74,82,106,144,182,182,197,217,237,246,264,277,303,304,336,349,349,402,409,412,412,424,424,439,441,458,467,467,480,485,491,503,507,508,508,512,512,522,537,537,550,550,556,556,559,567,577,577
Baden-Württemberg,LK Bodenseekreis,71,71,83,89,121,153,174,175,178,186,190,192,203,219,224,227,230,234,237,251,252,259,259,259,259,259,262,267,270,270,270,270,276,276,278,279,279,280,280,282,282,282,282,282,284,283,283,287,287,288
Baden-Württemberg,LK Ravensburg,107,107,124,173,252,254,303,303,317,320,339,360,377,387,394,394,400,428,436,442,455,461,461,462,464,464,479,495,499,500,501,506,511,513,519,520,520,520,524,524,526,526,527,527,527,528,528,530,533,533
Baden-Württemberg,LK Sigmaringen,82,82,99,123,161,172,235,235,298,311,341,390,452,468,482,514,541,547,547,584,590,603,624,625,625,663,678,689,695,698,709,709,734,734,742,761,763,764,767,767,773,773,773,773,773,773,774,773,775,776
Bayern,SK Ingolstadt,5,5,12,14,26,29,33,71,72,73,85,104,133,149,168,168,206,246,262,266,266,293,293,315,321,323,339,350,350,350,362,366,368,382,386,386,386,394,395,396,396,396,397,397,396,397,412,416,420,420
Bayern,SK München,584,1231,1312,1312,1556,1662,1829,2066,2283,2444,2653,2861,3028,3028,3348,3500,3676,3676,3675,3945,4072,4329,4438,4528,4685,4749,4848,4944,5037,5037,5133,5182,5240,5309,5387,5457,5477,5509,5618,5618,5701,5701,5701,5823,5846,5904,5905,5946,5984,5984
Bayern,SK Rosenheim,8,48,49,53,60,71,108,119,124,127,128,139,139,182,186,197,198,218,218,246,249,249,280,282,299,301,310,339,339,348,348,361,379,383,415,421,421,421,426,427,440,448,456,456,459,462,462,465,489,489
Bayern,LK Altötting,20,33,35,46,70,71,94,102,121,121,155,182,205,233,256,271,313,329,372,372,417,420,425,425,425,469,499,515,522,533,538,548,551,558,563,568,572,575,576,583,583,585,585,585,585,587,589,589,589,589
Bayern,LK Berchtesgadener Land,6,6,6,36,44,55,61,65,77,82,94,108,126,138,150,150,152,166,180,189,196,202,207,207,210,219,224,240,240,240,252,253,256,257,265,265,265,265,265,266,266,266,266,266,266,267,267,280,280,282
Bayern,LK Bad Tölz-Wolfratshausen,47,50,53,68,92,112,128,137,146,163,180,204,226,238,260,264,276,305,314,329,338,344,349,348,345,353,364,369,375,378,385,388,393,394,394,398,398,400,403,403,406,406,406,407,407,409,410,411,411,413
Bayern,LK Dachau,45,68,75,88,132,151,170,170,200,204,204,327,389,389,459,475,475,504,533,554,554,605,605,625,625,674,674,693,693,740,740,740,776,790,812,812,812,832,832,841,854,854,854,865,865,877,888,888,888,888
Bayern,LK Ebersberg,51,60,70,82,102,118,142,168,176,182,202,220,237,248,282,282,288,297,308,341,348,350,355,359,360,380,380,391,393,394,398,401,411,417,432,436,436,439,444,457,456,460,462,462,463,464,464,468,468,469
Bayern,LK Eichstätt,24,25,25,35,38,48,52,71,71,80,92,100,108,122,128,130,144,152,160,169,184,188,190,194,194,204,212,222,232,232,239,243,249,253,256,258,258,262,263,267,269,271,271,271,272,274,275,276,279,280
Bayern,LK Erding,45,63,111,127,161,203,235,251,251,287,292,332,357,386,392,392,409,425,425,456,474,474,488,488,494,504,511,517,517,526,527,535,535,542,544,544,548,555,561,564,564,564,564,564,572,574,584,586,586,586
Bayern,LK Freising,212,212,246,251,299,299,300,433,445,445,505,541,589,615,650,686,696,739,757,798,822,837,837,848,862,865,878,886,890,895,903,904,911,915,921,921,921,932,932,935,940,942,942,942,943,934,938,940,940,940
Bayern,LK Fürstenfeldbruck,46,46,90,106,148,211,244,244,312,321,349,383,422,445,488,492,540,570,585,605,617,628,638,643,653,668,681,692,692,692,716,726,735,739,749,749,749,771,772,781,788,788,788,788,805,810,816,828,834,852
Bayern,LK Garmisch-Partenkirchen,24,29,41,45,61,71,78,93,94,106,113,123,128,138,175,180,182,184,192,200,207,207,208,208,208,220,220,228,231,236,239,241,247,247,254,257,257,258,258,263,263,263,263,264,264,264,266,267,278,278
Bayern,LK Landsberg a.Lech,18,22,47,53,68,100,109,123,134,137,155,162,174,205,216,222,235,253,268,276,276,285,285,289,289,295,299,300,302,302,305,306,322,322,322,323,323,323,329,329,330,330,330,330,331,335,338,338,346,346
Bayern,LK Miesbach,108,108,136,158,189,189,212,270,280,280,312,328,328,356,401,406,418,427,435,448,454,454,460,462,462,470,475,479,480,480,482,484,484,484,486,489,489,500,504,507,511,512,513,514,515,520,530,537,537,539
Bayern,LK Mühldorf a.Inn,33,38,41,57,71,77,103,122,144,154,161,188,219,248,267,277,289,309,329,344,349,349,380,385,390,389,419,422,428,432,436,443,447,447,457,459,460,466,474,476,480,480,481,483,485,487,489,491,496,496
Bayern,LK München,220,239,239,308,368,407,407,513,536,558,633,644,701,756,804,804,873,901,957,957,998,1016,1031,1036,1049,1073,1092,1106,1133,1135,1135,1135,1177,1187,1187,1187,1187,1212,1233,1247,1253,1259,1276,1277,1280,1296,1297,1308,1311,1311
Bayern,LK Neuburg-Schrobenhausen,27,27,28,40,48,51,51,69,78,78,91,95,108,118,118,118,118,141,160,165,190,190,195,197,200,201,213,214,218,221,223,239,243,244,248,252,260,261,262,264,266,266,269,283,283,283,295,296,298,298
Bayern,LK Pfaffenhofen a.d.Ilm,18,18,31,31,50,52,65,92,101,107,113,143,148,171,181,198,215,227,243,251,254,279,279,286,286,289,294,300,304,304,307,311,314,314,314,322,322,322,328,330,330,330,330,335,335,335,338,338,343,343
Bayern,LK Rosenheim,193,216,226,254,304,358,564,691,737,748,791,881,881,1091,1136,1180,1189,1309,1310,1438,1457,1457,1549,1554,1610,1644,1685,1750,1751,1797,1797,1861,1881,1886,1910,1966,1967,1967,1990,2001,2021,2052,2077,2077,2081,2088,2092,2112,2135,2141
Bayern,LK Starnberg,83,110,110,110,110,135,224,244,245,256,293,322,345,345,376,388,394,405,414,425,445,445,451,452,460,462,474,474,479,481,481,484,489,491,491,499,499,499,499,499,503,503,504,504,504,504,507,507,507,509
Bayern,LK Traunstein,44,62,79,86,121,144,164,194,229,254,274,324,351,374,461,473,499,540,577,649,722,727,737,753,774,798,846,881,908,908,942,963,985,1021,1021,1067,1065,1095,1114,1114,1188,1194,1196,1201,1206,1207,1226,1248,1258,1260
Bayern,LK Weilheim-Schongau,78,92,95,95,127,145,161,183,187,188,209,233,261,264,283,288,289,296,304,307,307,321,321,321,324,325,326,330,336,336,334,334,339,340,341,341,341,343,343,333,333,334,335,335,334,333,333,334,334,334
Bayern,SK Landshut,28,38,38,42,46,73,74,77,94,95,121,121,136,153,152,161,162,186,202,211,211,211,224,227,230,242,244,248,248,253,253,253,253,255,256,258,262,262,266,267,267,270,271,271,273,273,273,273,274,275
Bayern,SK Passau,6,14,14,17,19,19,24,33,36,39,44,48,59,70,79,81,81,87,90,96,103,103,109,109,111,113,115,116,116,116,116,116,117,119,121,122,122,122,122,123,124,124,125,125,126,126,126,127,127,127
Bayern,SK Straubing,30,33,40,42,50,50,69,69,78,80,102,120,133,152,152,168,169,190,204,204,223,229,229,229,235,268,282,289,294,300,303,307,307,356,359,360,362,365,365,370,370,375,376,376,379,379,384,386,386,392
Bayern,LK Deggendorf,52,52,60,64,76,89,90,113,115,118,121,127,141,145,146,146,157,166,170,173,186,190,193,195,200,205,209,214,225,228,228,237,238,246,250,251,252,254,261,264,267,267,267,267,271,276,277,278,278,279
Bayern,LK Freyung-Grafenau,13,19,19,32,32,39,54,82,83,86,94,97,100,103,103,113,120,120,122,129,129,131,138,141,145,147,153,157,157,157,159,162,162,162,167,172,172,176,176,181,182,182,182,182,182,183,184,184,186,186
Bayern,LK Kelheim,42,50,56,62,76,89,105,126,127,129,154,193,218,238,258,266,278,283,317,330,340,351,355,359,364,372,381,386,390,398,398,402,411,419,422,423,424,425,426,430,432,433,434,434,434,435,435,434,434,434
Bayern,LK Landshut,68,108,113,134,153,200,206,225,248,252,274,280,317,369,378,414,420,459,481,510,510,510,535,538,548,566,576,594,600,608,612,609,609,629,629,631,630,634,641,642,642,647,648,648,648,654,655,656,656,656
Bayern,LK Passau,25,36,36,40,46,61,78,90,107,117,135,172,216,237,259,264,269,277,307,318,334,336,337,340,350,363,371,377,377,398,400,407,415,421,474,486,486,493,499,502,515,515,520,521,521,523,530,535,535,537
Bayern,LK Regen,25,25,25,34,39,40,40,40,40,41,47,60,70,70,79,94,95,104,107,107,119,122,123,124,125,130,133,133,133,143,144,144,146,148,148,148,148,148,161,161,162,163,163,164,165,166,170,171,171,171
Bayern,LK Rottal-Inn,55,78,79,92,124,169,191,207,224,240,303,333,370,394,417,461,514,538,568,589,603,620,627,636,652,655,656,667,674,677,680,686,682,683,686,689,689,692,693,693,698,698,700,701,702,704,707,710,712,715
Bayern,LK Straubing-Bogen,29,40,49,50,56,56,72,75,86,89,129,150,167,197,197,218,225,258,273,273,288,295,295,295,298,303,324,340,352,355,356,370,370,424,435,437,438,445,445,444,444,451,454,454,456,456,462,466,469,475
Bayern,LK Dingolfing-Landau,35,38,41,44,58,69,78,90,91,93,96,99,110,123,129,137,140,143,148,152,154,155,159,164,165,166,170,172,175,176,177,182,182,183,186,189,189,189,189,189,192,193,195,195,195,195,196,197,198,200
Bayern,SK Amberg,2,5,6,7,7,7,9,9,9,15,18,22,26,34,34,34,41,41,41,45,49,49,49,55,56,58,58,60,60,60,60,65,65,65,65,66,66,67,67,67,67,67,67,67,72,72,73,73,75,75
Bayern,SK Regensburg,24,32,74,80,96,110,125,133,139,143,164,189,204,221,247,247,279,297,312,320,320,332,336,336,340,347,355,364,370,371,377,377,386,393,401,401,401,405,407,410,412,412,412,412,428,437,459,466,469,469
Bayern,SK Weiden i.d.OPf.,20,20,22,31,40,47,55,61,64,68,77,93,101,125,136,142,143,154,171,183,191,193,198,203,210,225,230,245,249,252,254,263,270,270,276,279,281,281,291,292,293,297,297,297,297,299,302,303,306,306
Bayern,LK Amberg-Sulzbach,18,27,31,36,44,47,56,56,56,65,84,101,121,142,142,142,184,205,205,268,308,308,308,329,334,341,354,375,375,375,375,416,424,428,437,438,438,444,444,446,450,450,453,453,449,454,460,460,465,467
Bayern,LK Cham,41,41,52,51,67,67,91,111,124,143,143,201,239,257,263,270,288,288,318,334,340,340,340,340,345,354,358,363,366,366,370,370,371,375,381,382,382,387,391,398,402,402,403,403,404,405,408,408,408,408
Bayern,LK Neumarkt i.d.OPf.,18,18,35,35,43,43,69,69,80,87,87,107,119,131,138,146,146,146,179,179,179,179,205,205,240,240,240,270,270,270,292,292,305,305,330,330,330,330,342,342,342,346,346,353,353,353,353,353,359,359
Bayern,LK Neustadt a.d.Waldnaab,26,29,32,56,71,98,124,149,181,194,239,287,329,370,403,416,421,468,501,538,544,555,566,572,581,605,621,641,664,670,669,690,703,703,730,734,747,747,754,764,770,771,772,772,775,776,778,778,782,782
Bayern,LK Regensburg,27,37,71,78,86,101,112,130,138,140,156,181,202,224,243,243,274,299,312,318,318,333,340,340,344,351,358,367,370,374,378,378,380,385,386,386,386,389,394,396,400,400,400,400,406,411,432,432,436,436
Bayern,LK Schwandorf,0,0,38,39,40,40,74,87,109,117,132,168,189,216,246,251,253,281,297,315,333,341,344,349,353,364,372,400,409,414,413,416,420,424,428,428,430,431,431,430,432,434,434,434,434,437,437,439,440,441
Bayern,LK Tirschenreuth,111,148,148,178,209,251,252,398,417,445,501,577,653,672,757,757,821,823,881,928,944,944,944,990,990,1005,1025,1039,1050,1069,1069,1069,1080,1085,1096,1097,1097,1103,1111,1113,1114,1114,1114,1114,1119,1119,1120,1121,1122,1122
Bayern,SK Bamberg,2,6,17,23,23,54,54,54,54,65,75,81,84,87,87,103,108,116,121,127,128,129,129,129,143,149,151,153,155,169,171,172,172,177,178,179,179,179,180,182,185,186,186,187,187,187,187,187,187,187
Bayern,SK Bayreuth,6,6,6,8,18,20,35,46,49,49,55,62,63,73,94,96,96,104,113,130,135,139,142,145,145,154,154,159,165,165,165,165,173,173,182,183,183,183,188,188,188,190,193,193,193,194,200,201,202,202
Bayern,SK Coburg,0,0,0,10,13,14,14,16,22,22,22,23,23,23,29,30,30,30,36,36,36,36,36,40,40,42,43,47,48,48,48,50,50,50,52,52,52,52,52,52,52,55,55,57,57,57,57,57,59,59
Bayern,SK Hof,10,11,12,13,15,19,24,26,33,33,39,43,48,52,60,60,60,64,65,68,76,78,78,85,86,86,89,92,92,92,94,94,94,99,99,99,99,100,101,102,102,102,102,102,102,102,102,103,103,103
Bayern,LK Bamberg,28,28,35,69,69,134,134,135,135,165,181,212,229,244,244,272,282,310,320,328,329,332,332,332,347,350,353,359,363,363,366,368,369,371,377,378,382,380,381,381,386,386,386,387,387,387,387,387,393,393
Bayern,LK Bayreuth,26,26,26,34,42,45,79,95,104,104,107,114,127,150,181,190,190,204,215,246,265,270,281,287,287,311,311,338,345,353,354,354,364,364,373,374,376,376,382,382,382,389,391,391,393,395,400,403,403,405
Bayern,LK Coburg,27,32,33,28,34,37,37,46,50,50,54,57,66,66,75,82,82,82,95,95,95,95,95,136,139,145,151,153,154,154,154,161,163,163,174,175,184,184,184,184,193,196,196,199,199,199,199,199,209,209
Bayern,LK Forchheim,19,25,25,33,33,36,73,74,84,85,87,103,113,133,144,145,146,152,155,155,167,171,172,173,178,178,191,192,194,194,195,195,196,196,196,196,196,197,197,197,197,197,198,198,198,198,198,203,204,203
Bayern,LK Hof,30,33,41,48,55,63,76,89,103,103,111,117,133,165,182,201,201,220,241,247,255,261,261,282,284,284,299,314,316,316,334,335,335,355,368,375,376,378,381,387,389,395,402,403,403,405,409,411,415,418
Bayern,LK Kronach,13,16,16,24,26,32,41,41,46,46,47,47,53,56,56,64,64,64,72,72,82,85,85,86,86,88,95,95,106,106,108,108,116,119,119,121,121,122,126,128,130,131,133,134,134,136,137,138,143,143
Bayern,LK Kulmbach,13,17,21,28,35,50,61,61,61,65,73,80,91,99,99,106,114,119,124,132,135,148,148,156,163,164,167,172,172,172,175,177,177,187,188,189,189,194,198,204,210,210,218,218,223,225,226,230,235,235
Bayern,LK Lichtenfels,20,21,23,27,39,48,57,69,76,79,88,92,111,115,125,125,131,136,140,143,144,144,155,157,161,162,164,167,171,174,184,188,188,190,192,193,193,193,194,198,200,200,201,201,205,211,212,212,212,212
Bayern,LK Wunsiedel i.Fichtelgebirge,46,51,51,64,69,81,108,151,184,184,198,235,258,287,386,406,406,435,466,466,509,513,516,527,531,531,554,564,568,572,575,575,580,586,590,603,604,610,610,615,618,618,618,619,619,622,622,626,627,627
Bayern,SK Ansbach,3,3,6,6,10,14,17,17,17,20,22,28,33,37,46,55,58,64,67,73,73,76,76,76,75,76,81,84,84,86,90,94,96,99,102,102,102,111,113,119,119,127,127,128,128,128,129,129,131,131
Bayern,SK Erlangen,17,19,24,26,34,41,44,44,52,53,56,62,71,91,97,105,109,117,129,138,145,147,150,150,168,173,199,206,207,208,213,213,219,219,220,225,226,227,233,233,236,238,238,243,243,243,244,245,247,250
Bayern,SK Fürth,22,24,25,29,37,43,51,71,75,75,91,96,102,102,141,167,178,197,202,214,214,214,224,229,236,240,243,251,261,267,275,288,301,306,314,314,314,322,324,327,338,345,346,346,356,359,365,369,370,370
Bayern,SK Nürnberg,67,67,99,131,167,182,192,220,229,236,273,299,352,366,366,455,492,539,572,623,646,670,684,692,716,740,764,775,808,818,813,832,848,854,867,880,885,889,903,925,929,936,938,939,945,954,974,996,1000,1005
Bayern,SK Schwabach,8,8,9,9,11,16,16,24,24,25,36,38,38,41,48,49,51,57,61,63,63,63,63,66,68,69,70,70,70,72,72,73,73,74,74,74,74,74,74,74,74,74,77,77,77,78,77,77,77,77
Bayern,LK Ansbach,36,40,40,50,74,99,117,117,117,151,162,203,219,241,260,266,273,285,315,329,329,351,351,351,361,377,400,405,412,435,453,467,474,482,493,493,493,512,518,535,538,536,538,538,540,540,555,557,567,567
Bayern,LK Erlangen-Höchstadt,20,25,27,29,37,39,50,52,55,57,66,74,87,112,121,130,133,143,157,171,184,185,188,189,193,195,185,187,188,190,190,190,192,193,196,198,199,199,200,200,200,199,199,202,202,202,203,204,204,204
Bayern,LK Fürth,18,19,22,28,47,65,73,78,88,129,153,169,180,180,235,267,288,307,315,336,336,336,353,354,366,377,382,386,400,409,418,428,437,442,450,450,450,457,459,465,468,469,469,469,467,471,473,474,477,478
Bayern,LK Nürnberger Land,39,47,68,81,94,94,144,144,144,159,204,237,248,271,321,322,353,353,398,429,429,461,469,469,500,508,521,525,525,544,552,563,567,577,577,580,585,586,586,587,588,588,591,591,593,595,597,597,603,603
Bayern,LK Neustadt a.d.Aisch-Bad Windsheim,9,13,15,18,25,28,35,50,53,53,56,67,73,77,92,100,100,107,110,115,122,122,122,144,152,160,161,171,178,178,205,207,207,210,210,209,213,213,212,213,213,214,215,215,215,215,215,216,216,216
Bayern,LK Roth,13,13,22,25,27,57,65,83,83,85,118,132,135,170,196,200,203,217,225,232,242,242,242,250,254,260,262,264,264,268,270,274,274,277,279,279,279,282,282,282,282,282,286,286,287,287,289,288,286,286
Bayern,LK Weißenburg-Gunzenhausen,12,20,24,28,35,48,70,79,88,88,94,128,136,136,142,155,166,180,186,186,229,242,242,247,249,249,253,253,260,262,262,268,274,274,277,277,283,283,283,289,289,292,293,294,296,301,301,301,301,301
Bayern,SK Aschaffenburg,21,23,23,26,27,36,42,46,46,46,50,60,63,66,68,71,76,80,80,84,86,87,88,90,92,96,98,98,98,99,99,99,100,102,105,105,106,107,108,108,108,108,108,108,110,110,110,110,111,111
Bayern,SK Schweinfurt,0,3,7,11,13,19,19,27,27,38,55,58,62,66,69,74,85,90,95,103,110,115,119,119,124,126,128,134,135,136,138,140,143,149,154,155,156,157,158,163,167,167,168,168,169,169,169,170,170,170
Bayern,SK Würzburg,18,26,54,57,68,196,207,229,236,242,255,305,313,324,350,358,367,373,373,377,396,404,423,424,425,431,437,437,446,447,449,452,455,455,456,457,457,457,457,457,456,456,456,456,456,456,457,455,455,455
Bayern,LK Aschaffenburg,48,49,56,63,75,90,103,111,123,125,134,167,187,210,232,248,255,274,289,307,329,349,360,368,373,397,413,422,435,438,440,449,458,462,469,473,475,477,477,484,487,487,489,489,491,491,494,497,501,503
Bayern,LK Bad Kissingen,14,20,22,26,33,36,53,54,62,69,94,105,113,122,125,126,128,141,148,150,153,165,166,167,188,194,198,205,206,210,211,211,213,214,219,220,223,226,226,226,232,234,234,234,234,234,234,234,232,234
Bayern,LK Rhön-Grabfeld,12,16,17,22,25,31,31,35,38,40,46,52,59,67,69,77,79,82,97,102,108,112,112,120,123,131,131,134,136,140,144,147,154,164,170,177,178,180,186,186,188,187,188,189,189,189,189,190,190,191
Bayern,LK Haßberge,14,16,17,22,29,29,34,39,46,49,68,68,73,79,87,89,91,91,96,101,102,105,105,107,109,116,116,121,121,134,136,139,142,142,143,145,145,147,148,149,149,152,153,153,153,153,153,153,153,153
Bayern,LK Kitzingen,7,9,12,12,16,21,27,27,27,27,27,35,35,35,47,59,59,70,70,75,80,80,80,82,82,82,85,89,89,92,100,100,120,120,135,143,143,144,168,170,174,176,176,183,183,184,184,186,187,188
Bayern,LK Miltenberg,28,43,50,54,60,64,76,76,86,97,120,135,149,149,149,173,179,182,182,203,203,203,228,228,229,237,237,238,244,244,245,246,251,252,256,256,256,256,268,268,272,273,275,275,276,276,276,276,278,282
Bayern,LK Main-Spessart,13,14,14,18,26,36,49,54,59,59,73,74,74,88,100,104,105,112,114,122,127,128,134,137,137,137,142,143,146,147,147,143,142,141,142,142,142,143,143,143,144,144,144,144,144,144,144,144,144,147
Bayern,LK Schweinfurt,4,20,39,51,57,72,72,79,79,106,128,137,170,181,193,201,236,248,257,302,321,330,340,340,348,352,358,373,383,386,393,397,417,424,431,439,443,443,446,448,455,456,456,456,456,456,462,470,471,474
Bayern,LK Würzburg,10,28,82,99,115,139,161,163,179,189,202,233,244,256,281,290,295,302,302,315,335,343,344,352,358,367,373,373,383,385,394,393,396,396,398,398,398,398,401,402,402,402,402,402,402,403,406,404,407,406
Bayern,SK Augsburg,38,43,60,70,83,83,113,113,136,153,168,172,190,214,226,226,235,251,274,279,285,289,290,290,291,302,308,314,314,339,340,342,346,351,351,351,357,359,359,362,362,376,377,378,378,378,380,381,381,381
Bayern,SK Kaufbeuren,0,0,0,0,0,12,18,30,30,31,32,35,43,48,52,56,59,61,65,68,69,72,74,76,76,80,87,90,90,91,91,90,93,93,94,96,96,96,98,99,99,100,100,100,100,100,100,100,106,106
Bayern,SK Kempten (Allgäu),0,0,0,0,29,29,34,37,40,42,43,44,48,50,50,50,55,59,65,66,82,87,87,89,89,93,94,95,97,97,100,100,100,101,101,101,101,101,101,101,101,101,101,101,101,101,101,101,101,101
Bayern,SK Memmingen,16,16,18,21,23,23,26,26,26,29,29,31,31,31,34,40,40,40,40,40,40,40,45,45,45,45,45,47,47,47,48,48,48,48,49,49,49,49,49,49,50,50,50,51,51,51,51,51,51,51
Bayern,LK Aichach-Friedberg,18,20,27,37,54,63,94,105,113,115,126,138,152,162,170,171,171,197,211,215,222,223,223,233,241,241,250,258,258,260,260,260,267,267,270,272,272,273,275,276,279,279,279,279,278,278,278,278,281,283
Bayern,LK Augsburg,47,47,77,96,126,136,136,136,137,170,192,200,219,219,219,249,259,278,289,303,303,303,320,323,324,327,334,336,336,338,343,345,345,352,355,355,361,362,363,363,366,366,366,366,368,369,370,370,372,372
Bayern,LK Dillingen a.d.Donau,8,16,17,17,24,26,34,39,39,49,49,58,63,75,81,91,91,96,103,110,110,110,160,160,163,167,175,179,193,193,202,202,211,215,219,219,228,229,229,233,249,249,249,249,249,250,250,254,255,255
Bayern,LK Günzburg,12,12,12,13,13,42,57,57,90,90,90,90,90,127,127,138,145,152,152,153,175,177,179,184,184,195,203,204,208,209,210,212,212,215,215,215,215,219,221,222,222,222,222,222,228,226,230,230,230,233
Bayern,LK Neu-Ulm,50,60,60,71,84,84,112,126,130,132,162,191,211,219,235,241,259,283,298,307,312,325,326,332,347,346,386,386,390,392,394,397,397,410,413,417,418,419,405,405,407,407,407,407,412,413,413,414,415,416
Bayern,LK Lindau,36,47,50,52,66,93,93,100,120,120,128,131,163,167,176,190,194,201,207,218,220,220,225,228,226,227,233,235,235,235,236,236,236,237,238,238,238,238,239,239,239,239,240,240,240,240,240,239,239,239
Bayern,LK Ostallgäu,5,5,5,5,6,80,98,122,135,138,151,167,209,257,269,293,300,307,346,362,385,413,420,424,424,439,451,459,459,466,466,470,474,474,477,477,477,477,482,486,487,487,487,487,489,490,491,491,489,489
Bayern,LK Unterallgäu,22,22,22,31,34,38,69,85,95,99,108,117,132,146,155,159,168,181,191,195,200,205,206,206,210,217,217,224,225,228,229,234,236,237,237,238,261,261,268,269,268,268,268,268,268,268,268,268,269,271
Bayern,LK Donau-Ries,10,10,24,36,51,56,66,76,85,89,95,118,138,173,191,216,225,236,252,253,258,258,259,259,264,275,277,283,289,291,291,298,306,315,318,325,326,328,330,331,335,335,335,336,335,336,337,338,339,339
Bayern,LK Oberallgäu,61,61,66,80,64,64,77,86,90,94,99,106,110,121,121,121,139,143,147,149,152,153,153,153,153,159,160,163,164,163,163,166,166,166,167,167,167,167,167,167,167,167,167,167,167,171,171,172,172,172
Saarland,LK Stadtverband Saarbrücken,80,80,117,159,167,190,190,190,280,311,311,437,439,573,612,680,680,741,742,814,956,968,976,988,995,1020,1050,1063,1074,1079,1083,1108,1108,1140,1152,1159,1173,1173,1178,1200,1208,1218,1218,1220,1220,1221,1226,1228,1226,1226
Saarland,LK Merzig-Wadern,1,1,20,23,27,35,39,39,49,52,60,62,69,70,70,117,124,125,132,156,156,164,166,167,170,170,175,178,178,181,182,182,185,187,188,188,188,189,189,189,190,190,192,192,192,193,200,203,201,202
Saarland,LK Neunkirchen,25,25,47,47,49,67,78,78,93,98,104,114,125,136,148,150,153,153,161,176,183,184,188,197,197,205,205,211,214,214,217,220,224,225,225,225,226,229,229,234,234,240,240,240,240,240,243,245,245,246
Saarland,LK Saarlouis,24,37,50,56,59,69,83,93,107,126,150,170,203,226,241,246,272,307,338,363,376,382,387,390,409,422,437,446,446,449,452,460,472,486,494,501,505,505,505,513,515,515,517,517,518,525,528,530,534,535
Saarland,LK Saar-Pfalz-Kreis,28,28,61,72,77,90,97,97,106,120,129,151,152,169,183,186,196,200,200,222,222,235,237,245,245,252,254,258,258,258,261,263,272,272,274,274,276,276,276,277,281,281,285,286,287,287,290,290,292,292
Saarland,LK Sankt Wendel,29,29,42,46,54,54,63,63,71,75,75,86,91,91,104,104,107,111,120,123,123,125,125,125,129,132,133,133,133,133,133,134,134,135,135,135,135,137,137,139,153,153,153,153,161,161,168,162,162,162
Brandenburg,SK Brandenburg a.d.Havel,3,3,3,10,12,13,14,14,16,17,18,22,25,28,28,31,32,34,38,38,40,40,43,43,44,46,47,48,48,48,48,50,51,52,54,54,54,54,54,55,55,55,55,55,59,59,59,59,60,60
Brandenburg,SK Cottbus,20,24,24,27,28,28,29,29,29,31,31,31,32,34,34,34,34,34,34,34,35,35,35,35,39,39,39,39,39,39,39,39,39,39,39,39,39,39,39,39,39,39,39,39,39,39,39,39,39,39
Brandenburg,SK Frankfurt (Oder),5,5,5,5,6,6,6,6,6,6,6,7,10,12,13,14,14,22,22,22,22,22,22,22,22,22,22,22,23,23,23,23,23,23,23,23,25,25,27,27,27,27,27,27,27,28,28,29,29,29
Brandenburg,SK Potsdam,22,22,22,41,47,57,63,63,78,78,111,129,147,167,210,210,210,240,275,347,347,396,396,396,396,458,476,476,517,517,517,533,538,548,569,569,569,573,573,583,591,591,595,598,598,601,610,612,613,613
Brandenburg,LK Barnim,37,38,40,47,51,57,62,66,66,73,75,82,88,95,104,111,122,124,127,142,193,203,211,229,231,237,248,261,275,285,291,301,321,333,336,349,354,355,359,366,369,373,384,384,385,385,385,393,397,400
Brandenburg,LK Dahme-Spreewald,16,16,18,28,33,39,53,60,60,68,69,90,99,109,111,111,114,121,129,129,133,139,142,142,144,148,151,154,154,154,160,160,161,163,165,165,169,172,172,197,197,197,197,197,197,205,206,206,234,234
Brandenburg,LK Elbe-Elster,8,8,8,12,16,17,27,27,27,27,34,37,37,52,52,52,52,65,66,67,67,68,68,69,69,69,71,71,71,71,72,73,73,73,73,73,73,73,73,73,73,73,73,73,73,73,73,74,75,75
Brandenburg,LK Havelland,10,19,19,21,26,29,38,42,48,48,51,64,72,72,84,95,103,104,112,120,124,127,129,129,132,133,136,140,140,142,142,147,148,148,150,150,150,153,154,154,158,158,160,162,162,162,162,162,165,165
Brandenburg,LK Märkisch-Oderland,23,23,49,53,55,60,75,93,93,97,104,113,117,124,131,131,132,133,142,144,150,155,157,167,167,168,172,177,177,178,178,182,184,189,192,192,192,196,199,203,203,203,203,205,214,217,218,218,218,218
Brandenburg,LK Oberhavel,32,32,32,36,51,53,69,84,91,91,99,115,115,124,131,131,131,140,147,150,153,153,153,153,154,164,166,170,172,176,176,203,203,238,254,257,257,260,260,261,271,271,271,271,271,275,276,284,301,301
Brandenburg,LK Oberspreewald-Lausitz,5,5,10,10,12,12,13,15,15,17,18,18,21,27,27,27,30,30,32,35,35,35,35,36,37,37,38,39,39,39,39,39,40,41,41,41,41,41,41,41,43,43,43,43,43,43,43,45,45,45
Brandenburg,LK Oder-Spree,32,32,42,45,45,49,49,71,73,73,76,78,78,81,81,81,81,89,89,90,90,90,90,96,96,98,98,99,100,100,100,100,108,108,109,113,116,116,117,119,120,120,124,126,126,126,126,127,127,127
Brandenburg,LK Ostprignitz-Ruppin,7,7,7,7,7,9,11,13,13,13,15,15,18,21,26,26,26,26,27,27,29,30,35,35,35,36,36,36,36,36,37,37,48,54,54,54,54,55,56,66,67,67,67,67,67,68,67,67,68,68
Brandenburg,LK Potsdam-Mittelmark,12,12,12,28,28,40,48,50,52,59,65,77,87,123,127,141,148,155,165,167,167,182,182,182,194,209,217,223,223,223,245,286,287,295,331,378,390,390,398,400,407,417,417,417,424,432,448,463,463,463
Brandenburg,LK Prignitz,0,0,1,1,1,4,5,5,5,7,9,9,9,9,10,14,14,14,18,19,19,19,19,19,21,22,22,22,22,22,22,22,22,22,22,22,22,22,22,22,22,22,22,22,23,23,24,24,24,24
Brandenburg,LK Spree-Neiße,25,25,25,31,32,32,38,38,38,42,42,45,45,48,48,48,50,50,50,50,50,50,50,50,53,53,54,54,54,54,55,55,56,56,59,59,59,65,65,65,65,65,63,63,63,63,63,63,63,63
Brandenburg,LK Teltow-Fläming,13,13,22,22,22,27,37,37,43,43,50,55,57,67,67,67,70,70,83,88,88,91,91,91,94,97,99,102,103,103,103,111,117,120,122,122,123,124,125,125,130,130,130,130,134,135,136,136,141,141
Brandenburg,LK Uckermark,4,4,4,5,5,5,8,8,8,8,8,8,18,18,21,21,21,21,22,22,22,22,22,22,22,22,28,28,28,28,28,28,28,34,34,34,34,34,34,35,35,35,35,35,35,35,36,36,36,36
Mecklenburg-Vorpommern,SK Rostock,23,23,28,28,33,37,48,53,56,58,59,60,62,63,65,65,66,72,72,73,73,73,73,73,73,74,74,74,74,74,75,75,75,75,75,75,75,75,75,75,75,75,75,75,76,79,81,81,82,83
Mecklenburg-Vorpommern,SK Schwerin,33,33,38,38,46,47,56,60,62,62,66,72,74,75,77,77,77,84,84,86,86,86,86,86,86,87,87,88,89,89,89,89,89,89,90,90,90,90,90,90,90,90,90,90,90,90,90,90,90,90
Mecklenburg-Vorpommern,LK Mecklenburgische Seenplatte,23,23,30,36,40,41,46,56,58,60,71,79,83,90,93,94,94,97,99,100,102,102,102,102,105,107,107,107,107,107,108,108,108,108,108,109,109,109,109,109,110,110,110,111,111,111,111,111,113,116
Mecklenburg-Vorpommern,LK Rostock,17,17,18,20,24,24,25,26,26,29,31,32,37,42,44,46,46,46,47,50,52,52,54,54,54,54,54,54,54,54,54,54,54,54,54,55,55,55,56,58,58,60,62,62,64,67,67,67,67,67
Mecklenburg-Vorpommern,LK Vorpommern-Rügen,13,13,15,17,18,22,31,33,33,36,40,51,55,58,59,61,62,63,64,66,69,73,74,74,74,74,74,76,76,76,76,76,76,76,76,77,77,77,78,79,80,80,80,80,80,80,80,80,80,80
Mecklenburg-Vorpommern,LK Nordwestmecklenburg,17,17,18,21,24,24,25,28,28,28,36,38,44,51,51,51,51,54,55,59,60,60,63,63,63,64,64,67,68,68,68,69,70,70,71,73,73,73,76,76,76,77,77,77,77,78,78,78,78,78
Mecklenburg-Vorpommern,LK Vorpommern-Greifswald,25,25,28,31,32,36,46,55,56,56,60,62,68,75,80,80,81,82,94,95,101,101,108,109,110,113,113,115,118,120,120,120,122,124,126,126,128,129,135,135,135,134,134,134,135,135,135,135,136,136
Mecklenburg-Vorpommern,LK Ludwigslust-Parchim,21,21,24,27,27,28,31,37,37,37,43,44,45,47,54,54,54,57,57,57,58,58,58,58,59,61,61,64,65,65,65,65,65,65,67,68,67,67,68,68,69,69,70,70,70,71,73,76,76,76
Sachsen,SK Chemnitz,41,50,54,57,63,70,72,86,98,98,111,118,122,137,142,142,147,149,151,159,166,166,170,180,180,181,183,187,186,188,188,190,190,190,190,191,192,192,192,192,193,193,195,194,194,197,197,198,198,198
Sachsen,LK Erzgebirgskreis,33,33,44,54,65,65,76,91,91,113,113,143,160,239,271,271,281,323,323,343,397,397,397,397,397,433,438,448,461,469,471,471,477,485,492,501,503,511,513,517,520,520,521,526,527,533,533,523,526,526
Sachsen,LK Mittelsachsen,24,24,35,42,50,59,66,81,83,93,101,107,125,139,157,159,162,169,180,199,203,213,216,218,218,226,228,233,234,237,237,237,237,237,237,237,239,241,243,243,247,247,247,247,247,252,252,252,252,252
Sachsen,LK Vogtlandkreis,16,16,16,32,62,62,87,93,106,107,107,119,128,134,134,151,161,167,188,195,204,204,217,256,258,268,270,275,277,279,280,285,288,298,300,300,305,312,312,317,323,337,347,347,361,365,370,377,383,389
Sachsen,LK Zwickau,115,115,175,184,225,248,248,272,330,341,369,388,388,431,483,500,511,511,529,579,592,592,598,624,656,668,674,694,697,708,713,707,722,729,730,730,740,741,741,758,764,769,769,769,775,778,794,797,806,806
Sachsen,SK Dresden,84,99,99,131,131,202,202,245,267,292,311,327,344,359,359,399,403,410,419,425,433,433,442,442,443,447,453,457,465,465,474,476,483,486,486,493,497,500,501,507,508,511,568,568,570,573,580,584,584,584
Sachsen,LK Bautzen,50,50,52,63,81,89,103,121,121,124,137,142,147,157,157,157,166,174,184,189,193,193,193,193,220,247,293,301,307,311,311,315,325,326,330,332,332,333,334,339,342,344,344,344,358,361,374,383,394,394
Sachsen,LK Görlitz,12,12,12,30,35,35,56,62,67,67,67,72,84,89,98,153,153,179,186,196,201,215,215,215,215,224,225,236,240,240,240,242,242,248,250,250,250,253,253,256,256,257,263,263,266,266,267,267,268,268
Sachsen,LK Meißen,21,25,31,34,41,49,59,59,68,74,85,94,104,114,114,120,121,128,137,145,163,163,169,173,174,176,181,187,192,192,195,201,203,206,208,210,210,214,217,217,218,218,219,219,221,222,225,225,225,225
Sachsen,LK Sächsische Schweiz-Osterzgebirge,41,41,71,83,89,107,112,136,149,149,179,195,200,223,226,226,258,271,281,281,289,289,294,299,302,306,310,315,315,317,319,320,324,326,331,331,331,331,333,333,333,333,333,333,334,339,339,342,343,347
Sachsen,SK Leipzig,129,144,161,181,218,227,250,270,290,299,320,333,362,379,404,422,428,436,446,451,458,469,476,486,488,492,503,509,518,524,524,528,529,536,541,542,548,551,558,564,567,567,569,571,571,573,578,562,565,568
Sachsen,LK Leipzig,31,31,44,49,58,69,77,77,91,91,96,107,114,120,126,130,133,141,146,149,175,175,177,177,177,178,179,180,180,180,181,181,185,185,185,185,185,185,186,186,187,187,187,187,187,187,188,189,189,189
Sachsen,LK Nordsachsen,9,13,17,19,23,23,24,24,34,34,38,38,58,70,70,73,73,86,91,91,91,91,91,91,91,109,111,118,118,119,120,120,122,125,126,126,126,126,126,132,134,134,134,134,134,138,139,140,140,140
Sachsen-Anhalt,SK Dessau-Roßlau,5,5,12,14,16,16,16,20,20,20,20,20,21,27,30,35,35,36,41,46,47,47,50,53,53,54,56,57,57,59,59,59,59,59,62,62,64,64,64,65,66,66,66,66,65,65,65,65,65,65
Sachsen-Anhalt,SK Halle,43,43,77,81,86,95,95,122,122,141,174,182,189,202,209,210,212,215,236,240,242,254,257,259,260,264,272,273,275,279,279,281,287,288,303,303,309,310,311,322,322,325,325,325,325,326,326,326,338,340
Sachsen-Anhalt,SK Magdeburg,39,39,39,56,57,61,61,71,71,79,84,87,87,88,89,88,89,88,91,91,92,93,94,95,96,97,97,97,100,101,101,102,102,102,102,102,103,103,103,104,104,104,104,104,106,106,106,106,106,106
Sachsen-Anhalt,LK Altmarkkreis Salzwedel,3,3,4,9,10,10,10,12,12,14,15,15,17,17,17,19,21,22,24,27,27,28,28,28,28,29,30,30,30,30,30,30,30,30,30,30,30,31,31,32,32,32,32,32,32,32,32,32,32,32
Sachsen-Anhalt,LK Anhalt-Bitterfeld,9,9,16,17,17,25,25,30,30,35,37,37,38,41,41,48,49,48,49,49,49,49,49,49,51,51,54,55,55,58,59,62,65,65,65,65,68,68,68,69,69,69,69,69,69,69,69,69,69,69
Sachsen-Anhalt,LK Börde,29,29,41,41,44,44,44,49,49,49,55,60,60,64,66,68,69,71,75,78,82,86,88,90,93,95,96,101,103,104,103,105,115,119,120,130,131,131,132,137,138,139,141,142,142,142,145,152,156,156
Sachsen-Anhalt,LK Burgenlandkreis,15,15,17,17,19,24,24,26,26,31,31,34,34,44,44,45,46,47,47,54,54,56,56,56,58,62,62,66,66,68,68,69,72,74,87,87,88,88,88,88,90,90,91,91,91,91,94,94,98,98
Sachsen-Anhalt,LK Harz,12,12,22,24,24,28,28,41,41,49,51,62,68,73,74,75,92,108,114,124,127,129,139,142,145,150,162,182,207,207,217,217,221,223,231,231,234,236,239,239,242,242,244,244,246,246,252,252,252,253
Sachsen-Anhalt,LK Jerichower Land,4,4,7,10,12,13,13,16,16,18,20,20,20,22,22,25,26,27,28,28,28,28,28,28,28,29,30,31,31,31,31,32,32,32,33,33,33,33,33,33,33,33,33,33,33,33,33,33,33,33
Sachsen-Anhalt,LK Mansfeld-Südharz,5,5,11,11,12,12,12,15,15,17,19,23,23,26,28,29,29,29,29,32,32,33,34,34,34,34,34,34,34,34,34,35,35,35,35,35,35,36,36,36,37,37,37,38,38,38,38,42,42,42
Sachsen-Anhalt,LK Saalekreis,14,14,22,32,39,41,41,49,49,55,61,69,76,80,81,83,84,86,90,94,96,96,97,97,100,100,100,101,103,103,106,106,106,106,107,107,107,107,107,108,111,113,113,113,115,119,119,121,122,122
Sachsen-Anhalt,LK Salzlandkreis,13,13,27,27,29,33,33,37,37,39,40,44,44,48,48,54,56,56,59,59,59,59,60,60,60,60,60,60,61,62,62,62,62,63,63,63,63,63,63,64,65,65,65,65,65,65,65,65,65,65
Sachsen-Anhalt,LK Stendal,9,10,10,12,21,24,24,39,39,52,55,59,62,63,63,64,66,66,66,69,70,71,74,75,75,77,80,82,82,85,85,85,89,90,90,94,97,97,97,99,102,103,103,103,105,105,105,105,106,106
Sachsen-Anhalt,LK Wittenberg,11,11,16,24,32,32,32,65,65,81,88,92,97,101,107,113,113,121,126,130,130,137,139,141,142,146,146,146,146,148,149,150,150,150,152,152,153,153,153,153,153,153,153,153,153,153,153,153,153,153
Thüringen,SK Erfurt,28,29,42,52,60,66,71,74,76,76,81,87,89,92,94,95,97,103,107,108,110,110,112,113,115,117,120,121,121,122,122,125,129,131,131,132,132,133,133,133,133,133,134,134,134,134,135,135,135,135
Thüringen,SK Gera,4,4,4,7,7,8,8,18,19,19,22,25,25,36,36,36,37,39,42,47,51,53,52,55,62,71,75,80,88,91,92,104,110,124,127,133,136,139,143,151,158,159,162,163,164,164,164,175,178,181
Thüringen,SK Jena,21,21,55,55,55,61,61,101,101,111,113,116,117,117,133,133,136,141,147,153,153,153,155,155,155,155,155,155,155,155,155,155,155,156,156,156,156,157,157,158,158,158,158,158,158,158,159,159,158,158
Thüringen,SK Suhl,4,4,4,5,5,5,5,6,6,7,7,7,7,8,9,10,10,10,11,11,11,11,11,11,11,11,11,12,12,12,13,13,13,13,13,13,13,13,13,13,13,13,13,13,13,13,13,13,13,13
Thüringen,SK Weimar,10,10,10,13,19,22,23,24,29,29,29,32,34,39,43,43,47,51,52,55,55,55,58,58,58,58,58,58,58,58,58,59,59,60,60,60,61,61,61,61,63,63,63,63,63,63,63,65,65,65
Thüringen,SK Eisenach,1,1,1,1,1,1,1,1,1,1,4,4,6,8,8,8,9,9,10,10,10,12,12,12,13,13,13,13,13,14,14,14,14,16,16,16,16,16,16,21,21,21,22,22,22,22,23,23,24,24
Thüringen,LK Eichsfeld,7,17,18,28,31,37,40,47,49,49,55,59,59,64,68,68,68,72,79,85,89,89,89,93,94,99,104,106,108,108,108,108,112,113,113,115,116,116,123,129,129,130,130,134,134,135,135,136,136,138
Thüringen,LK Nordhausen,3,3,5,6,7,9,10,11,12,15,15,16,17,20,20,20,21,26,27,29,29,29,29,29,39,43,44,46,46,52,52,53,53,56,56,56,57,58,58,58,59,59,59,59,59,59,59,60,60,60
Thüringen,LK Wartburgkreis,4,4,9,10,10,10,10,12,12,12,18,19,27,28,28,28,28,30,31,31,31,33,33,33,33,33,33,34,35,35,35,37,37,37,38,38,38,40,40,41,41,41,43,43,44,44,44,45,45,45
Thüringen,LK Unstrut-Hainich-Kreis,5,5,6,7,7,10,10,10,11,16,18,21,25,29,35,35,35,40,43,45,47,51,52,52,53,56,58,61,62,62,62,65,65,68,70,70,70,70,72,74,76,76,76,76,76,76,76,77,78,78
Thüringen,LK Kyffhäuserkreis,11,12,12,15,17,17,17,19,19,19,23,23,25,27,27,27,27,28,34,36,36,36,35,35,35,35,35,35,35,35,36,36,37,37,37,37,37,37,38,39,39,41,41,41,41,41,41,41,41,41
Thüringen,LK Schmalkalden-Meiningen,13,13,14,17,19,22,27,27,27,30,32,33,34,35,36,36,36,41,45,53,55,55,55,56,60,65,69,70,70,71,72,75,79,85,90,90,90,91,92,94,98,98,98,98,99,101,104,107,108,108
Thüringen,LK Gotha,4,4,13,16,17,20,20,20,20,22,26,27,30,34,34,34,39,46,51,58,62,63,66,74,78,91,105,111,119,121,124,135,160,168,171,183,190,196,204,220,237,240,240,240,241,243,246,256,260,264
Thüringen,LK Sömmerda,3,6,8,8,13,19,21,22,22,22,23,27,29,29,29,30,30,31,32,32,32,32,32,32,32,33,34,33,33,33,33,36,36,37,37,37,37,36,36,36,36,37,37,37,37,37,37,37,37,37
Thüringen,LK Hildburghausen,1,1,1,2,3,6,6,7,7,7,7,7,7,7,7,7,9,11,11,11,11,11,11,11,13,13,16,18,18,18,18,18,18,19,20,20,20,20,20,22,23,23,23,23,24,24,27,28,31,31
Thüringen,LK Ilm-Kreis,7,7,8,13,17,24,24,32,32,51,65,65,71,80,92,93,93,98,99,101,102,102,102,102,103,104,106,106,111,112,112,119,119,120,121,121,121,121,121,121,121,121,123,123,123,125,125,127,127,127
Thüringen,LK Weimarer Land,9,10,12,14,15,17,17,21,21,24,26,29,30,36,41,53,54,54,54,57,58,58,58,58,59,59,64,65,65,65,66,67,67,67,67,67,67,67,68,68,69,69,69,69,69,70,71,71,72,73
Thüringen,LK Sonneberg,0,6,6,8,9,13,15,19,20,22,28,30,33,34,35,35,36,38,43,47,44,46,46,47,50,52,53,54,57,59,59,61,65,77,82,88,88,88,88,98,105,105,105,105,115,118,117,126,130,136
Thüringen,LK Saalfeld-Rudolstadt,16,16,16,19,24,24,32,32,32,39,39,45,47,48,48,48,51,52,54,55,55,54,54,54,54,54,54,54,54,54,54,55,55,56,57,57,57,58,58,63,63,63,63,63,63,64,64,65,65,65
Thüringen,LK Saale-Holzland-Kreis,16,17,17,17,20,21,22,27,27,28,30,31,32,36,41,45,46,47,47,49,49,50,50,50,50,50,50,50,50,50,50,51,53,55,55,55,55,56,56,56,58,58,59,59,59,60,62,62,62,62
Thüringen,LK Saale-Orla-Kreis,7,7,8,8,10,11,15,27,27,34,37,41,50,61,65,68,68,72,79,85,85,92,94,95,96,99,100,103,103,107,109,112,115,117,117,118,120,120,120,123,126,126,126,126,126,129,131,131,132,132
Thüringen,LK Greiz,36,45,51,58,86,103,111,121,130,132,139,154,159,175,182,194,201,214,221,225,225,234,244,244,251,253,285,292,303,311,311,330,336,364,377,389,396,403,403,424,445,449,449,454,476,497,503,519,522,529
Thüringen,LK Altenburger Land,6,7,7,15,16,16,18,19,19,19,23,27,29,29,29,30,30,32,32,33,35,35,35,35,36,37,40,40,40,40,43,44,45,47,47,47,47,48,50,51,52,52,52,52,52,52,53,54,54,54
Berlin,SK Berlin Reinickendorf,65,65,93,106,120,131,132,132,142,170,184,196,206,233,238,247,282,299,324,343,343,353,353,369,383,396,406,412,415,418,418,423,423,434,437,437,443,444,448,451,456,458,462,464,467,470,473,476,478,478
Berlin,SK Berlin Charlottenburg-Wilmersdorf,138,138,150,173,195,230,283,304,307,307,315,372,405,448,452,459,474,498,534,544,556,559,562,567,570,587,599,606,612,612,617,627,627,642,643,651,656,658,662,672,680,680,682,683,687,691,696,703,702,708
Berlin,SK Berlin Treptow-Köpenick,59,61,73,83,100,116,128,134,142,147,152,161,168,182,189,192,197,208,221,228,234,237,237,239,239,251,252,255,266,267,268,273,273,282,287,290,295,298,301,307,307,314,314,314,319,319,321,329,330,332
Berlin,SK Berlin Pankow,101,107,120,140,162,195,224,244,249,259,264,282,312,351,361,371,383,404,415,426,449,457,464,469,469,480,492,521,535,538,543,552,552,572,584,594,595,595,596,602,603,613,613,621,623,631,635,642,643,646
Berlin,SK Berlin Neukölln,89,89,109,131,164,189,216,256,250,263,277,310,335,374,391,391,405,424,442,463,468,473,473,478,488,499,516,528,542,542,551,568,568,586,586,613,613,613,620,632,640,650,661,661,661,662,671,673,679,681
Berlin,SK Berlin Lichtenberg,40,40,51,65,72,79,89,89,89,108,117,124,134,142,142,142,153,157,157,170,173,176,176,178,177,182,191,194,195,196,198,202,202,203,208,212,219,219,240,242,252,256,259,260,260,268,271,271,272,274
Berlin,SK Berlin Marzahn-Hellersdorf,37,40,40,46,49,60,69,80,82,84,89,95,105,109,124,127,133,142,148,155,163,167,171,178,180,190,194,204,212,216,221,232,238,248,262,267,268,276,276,289,291,298,303,308,312,319,327,329,330,330
Berlin,SK Berlin Spandau,32,34,37,49,52,66,73,87,89,94,96,105,114,123,144,147,151,165,172,176,176,179,181,177,184,192,197,208,213,213,217,218,218,218,227,228,229,231,236,237,239,241,241,241,245,248,250,252,260,260
Berlin,SK Berlin Steglitz-Zehlendorf,97,100,107,107,121,140,146,183,195,204,231,255,277,297,308,308,324,343,361,372,380,396,400,410,415,418,419,430,434,440,440,443,443,452,455,457,459,459,474,485,486,488,491,495,502,506,506,515,516,516
Berlin,SK Berlin Mitte,134,160,190,223,256,315,332,368,399,411,451,477,499,503,525,537,580,600,618,640,665,702,710,723,732,748,764,782,791,797,802,806,806,822,825,825,834,846,846,864,874,875,878,882,885,891,902,908,913,913
Berlin,SK Berlin Friedrichshain-Kreuzberg,117,128,133,151,204,220,233,233,262,270,286,297,326,343,350,352,353,361,367,373,388,391,394,398,400,403,413,415,423,425,427,428,434,440,445,450,451,452,455,459,462,466,467,467,468,469,476,480,483,483
Berlin,SK Berlin Tempelhof-Schöneberg,115,115,117,154,161,214,236,250,258,258,292,296,321,366,389,397,410,427,443,459,463,477,480,482,485,502,502,511,521,532,535,540,540,560,566,576,576,578,580,587,597,604,605,614,613,618,621,631,636,640
